Model,MSE,RMSE,MAE,MAX_ERR,R2
Own_MLP_CLEAN,6.577394637634846e-06,0.0021542158447549805,0.0012356071899361548,0.02316526790755408,0.9836297190708294
Own_MLP_NOISY_0.01,0.0008118471260876991,0.02848977778938151,0.022849439534567827,0.10344174772254947,0.250402288322157
Torch_MLP_CLEAN,5.74411076522603e-06,0.002047907046178601,0.001221228879848288,0.020563006168568855,0.9850950919025762
Torch_MLP_NOISY_0.01,0.0008115028833007246,0.028483910600130464,0.02284618539062034,0.10274374370053282,0.25081431666850795
