Model,MSE,RMSE,MAE,MAX_ERR,R2
Own_MLP_CLEAN,6.577394637634846e-06,0.0021542158447549805,0.0012356071899361548,0.02316526790755408,0.9836297190708294
Own_MLP_NOISY_0.01,0.0008118471260876991,0.02848977778938151,0.022849439534567827,0.10344174772254947,0.250402288322157
Torch_MLP_CLEAN,5.72215831070756e-06,0.0021366214653132363,0.0011157928867723444,0.027076016708020022,0.9834725151059777
Torch_MLP_NOISY_0.01,0.0008121347783189266,0.028495114971199748,0.022851752239636914,0.10253876854255668,0.2503042869640663
