Model,MSE,RMSE,MAE,MAX_ERR,R2,Time [s],Time [min],Total Time [s],Total Time [min]
Ridge_Regression_CLEAN,6.261341072487531e-05,0.007102566819642503,0.004237682137881701,0.09258940946100629,0.8984195106867484,0.13433731500008433,0.002238955250001406,26.86746300001687,0.44779105000028113
Ridge_Regression_NOISY_0.05,0.020136789006946546,0.1418922642500352,0.11326483213708397,0.5367545553811651,0.0230627695290693,0.13484267299929342,0.002247377883321557,26.968534599858685,0.4494755766643114
Torch_LSTM_CLEAN,1.1040244616956657e-05,0.0030191813796496283,0.0019315267570098572,0.035377909388679955,0.9812643088838787,1.120234279498618,0.018670571324976966,224.0468558997236,3.734114264995393
Torch_LSTM_NOISY_0.05,0.02008905849229727,0.14172404133159433,0.11313385916158392,0.5346231619975683,0.0253573531461201,1.1216202215005615,0.01869367035834269,224.3240443001123,3.738734071668538
