Model,MSE,RMSE,MAE,MAX_ERR,R2,Time [s],Time [min],Total Time [s],Total Time [min]
Own_MLP_CLEAN,0.009958888762143157,0.08680315278193308,0.05392406491014706,0.35507442376567055,-24.201304972464985,0.0421134775000246,0.0007018912916670766,8.42269550000492,0.14037825833341533
Own_MLP_NOISY_0.05,0.030880761695398086,0.17268967081105513,0.1357280850290843,0.6913361039351144,-0.49826932668271257,0.04179056499997387,0.0006965094166662311,8.358112999994773,0.13930188333324622
Torch_MLP_CLEAN,0.013847651794062759,0.09840509139549507,0.05896429991805449,0.37821047571203686,-31.656596237350495,0.25409235799994806,0.004234872633332467,50.81847159998961,0.8469745266664934
Torch_MLP_NOISY_0.05,0.034061603706794646,0.17951833860940433,0.1398232026447868,0.7282635201087195,-0.6513457744642017,0.2558821280000393,0.004264702133333988,51.17642560000786,0.8529404266667977
