Model,MSE,RMSE,MAE,MAX_ERR,R2,Time [s],Time [min],Total Time [s],Total Time [min]
Ridge_Regression_CLEAN,6.261341072487531e-05,0.007102566819642503,0.004237682137881701,0.09258940946100629,0.8984195106867484,0.13875645350031846,0.002312607558338641,27.75129070006369,0.4625215116677282
Ridge_Regression_NOISY_0.05,0.020136789006946546,0.1418922642500352,0.11326483213708397,0.5367545553811651,0.0230627695290693,0.13662060850016133,0.0022770101416693554,27.324121700032265,0.45540202833387106
Torch_LSTM_CLEAN,1.1040244616956657e-05,0.0030191813796496283,0.0019315267570098572,0.035377909388679955,0.9812643088838787,1.1277129440003046,0.018795215733338408,225.5425888000609,3.7590431466676817
Torch_LSTM_NOISY_0.05,0.02008905849229727,0.14172404133159433,0.11313385916158392,0.5346231619975683,0.0253573531461201,1.1313552749989322,0.018855921249982203,226.27105499978643,3.7711842499964403
