Model,MSE,RMSE,MAE,MAX_ERR,R2
Own_MLP_CLEAN,1.8088977529166906e-05,0.003710729228001904,0.0018747502394317844,0.05441513974038755,0.9710925653585658
Own_MLP_NOISY_0.05,0.02003351977795499,0.14152603938418287,0.11300208632703061,0.5261530944479501,0.020399993871075228
Torch_MLP_CLEAN,6.293517649476075e-06,0.00224401348516686,0.0011151860923596308,0.03749124906614001,0.988751788735607
Torch_MLP_NOISY_0.05,0.020023124875240758,0.14148920853164954,0.11298075937351744,0.5264587806353306,0.02089797237601319
