{
    "model_arch": {
        "input_dim": 5,
        "hidden_dim": 128,
        "output_dim": 2
    },
    "training_config": {
        "lr": 0.001,
        "max_epochs": 50,
        "patience": 10,
        "hidden_dim": 128,
        "input_dim": 5,
        "optimizer": "Adam"
    },
    "training_history": {
        "train_loss": [
            0.014697134647576604,
            0.0011016740798368118,
            0.0008618144114734605,
            0.00083201335510239,
            0.0008057516373810358,
            0.0007817429606802762,
            0.0007573034468805418,
            0.0007349395818891935,
            0.0007341699645621702,
            0.0007157320869737305,
            0.000688379060011357,
            0.000652250628627371,
            0.0006469652129453607,
            0.0006341317290207371,
            0.0006288388423854486,
            0.000626041459327098,
            0.0006218636292032898,
            0.0006206621983437799,
            0.0006132161026471295,
            0.0006087425193982199,
            0.0006094052107073367,
            0.0006118723526014946,
            0.0006270809913985431,
            0.0006204600867931731,
            0.0006068829141440801,
            0.0006091675415518694,
            0.0006342220644000917,
            0.0006107413035351783,
            0.0006032209596014582,
            0.0006162393881822936,
            0.0006210010571521707,
            0.0006074743592762389,
            0.0006123440703959204,
            0.0006211723841261119,
            0.0006063371998607181,
            0.0006156327071948908,
            0.000619496226136107,
            0.000606166991929058,
            0.0006212252570549026,
            0.000615188799565658,
            0.0006052847558748909,
            0.0006260864494834096
        ],
        "val_loss": [
            0.0015214236918836832,
            0.0008860917296260595,
            0.000843351474031806,
            0.0008190649677999318,
            0.0007957381312735379,
            0.0007794585544615984,
            0.0007606002618558705,
            0.0007110958686098456,
            0.0007142075337469578,
            0.0006891966913826764,
            0.0006505492492578924,
            0.0006466861814260483,
            0.0006673581665381789,
            0.0006525796488858759,
            0.0006526936194859445,
            0.0006365067674778402,
            0.0006096488796174526,
            0.0006470424123108387,
            0.0006336240912787616,
            0.0006060414016246796,
            0.0006025916081853211,
            0.0006042055902071297,
            0.0006265180418267846,
            0.0006009682547301054,
            0.0006010927027091384,
            0.0006376714445650578,
            0.0006204028031788766,
            0.0006000492721796036,
            0.0006090562092140317,
            0.0006343606510199606,
            0.0006142141064628959,
            0.0005971135105937719,
            0.0006376355304382741,
            0.00061637262115255,
            0.0005974617088213563,
            0.0006498110597021878,
            0.0006086522480472922,
            0.0006036017439328134,
            0.000664834922645241,
            0.0006016491679474711,
            0.000611920899245888,
            0.0006581242196261883
        ],
        "lr": [
            0.001,
            0.001,
            0.001,
            0.001,
            0.001,
            0.001,
            0.001,
            0.001,
            0.001,
            0.001,
            0.001,
            0.001,
            0.001,
            0.001,
            0.001,
            0.001,
            0.001,
            0.001,
            0.001,
            0.001,
            0.001,
            0.001,
            0.001,
            0.001,
            0.001,
            0.001,
            0.001,
            0.001,
            0.001,
            0.001,
            0.001,
            0.001,
            0.001,
            0.001,
            0.001,
            0.001,
            0.001,
            0.001,
            0.001,
            0.001,
            0.001,
            0.001
        ],
        "best_epoch": 32,
        "total_epochs": 42
    }
}