{
    "model_arch": {
        "input_dim": 5,
        "hidden_dim": 64,
        "output_dim": 2,
        "seq_len": 10,
        "num_layers": 1,
        "seed": 42
    },
    "training_config": {
        "lr": 0.001,
        "max_epochs": 50,
        "patience": 10,
        "hidden_dim": 64,
        "input_dim": 5,
        "output_dim": 2,
        "seq_len": 10,
        "num_layers": 1,
        "optimizer": "Adam"
    },
    "training_history": {
        "train_loss": [
            0.0008640263504378493,
            0.0008495643924843232,
            0.0008464651355410161,
            0.0008447367031719504,
            0.0008437904165394033,
            0.0008431907446117324,
            0.0008427887328404747,
            0.0008425653410415448,
            0.000842460868985032,
            0.0008423465999993296,
            0.0008421834294557997,
            0.0008420226740355033,
            0.000841887308380125,
            0.0008417510747554583,
            0.0008416136005895076,
            0.0008414928943783298,
            0.0008413977426227583,
            0.0008413421051679002,
            0.0008413230266061119,
            0.0008413211826941041,
            0.0008413478407811111,
            0.0008414038191662482,
            0.0008414420110334999,
            0.0008414587369858599,
            0.0008413756792570428,
            0.0008411607998612884,
            0.0008410047180552402,
            0.0008409320755509041,
            0.0008409289219409103,
            0.0008409572343499532,
            0.0008410598402800655,
            0.0008413421284976657,
            0.0008418222049041962,
            0.0008416807953573206,
            0.0008417677448522043
        ],
        "val_loss": [
            0.0009556857403367758,
            0.0009322963887825608,
            0.0009238419588655233,
            0.0009211227297782898,
            0.000919035985134542,
            0.0009159049950540066,
            0.0009126954828388989,
            0.0009104467462748289,
            0.0009086359641514719,
            0.0009069043444469571,
            0.0009057254064828157,
            0.0009049855871126056,
            0.0009046180639415979,
            0.000904328771866858,
            0.0009039380820468068,
            0.0009031479712575674,
            0.0009019352728500962,
            0.000900464307051152,
            0.0008989718626253307,
            0.0008972564246505499,
            0.0008949263719841838,
            0.0008923098794184625,
            0.0008909367606975138,
            0.0008888447773642838,
            0.0008885084534995258,
            0.0008899304666556418,
            0.0008916881051845849,
            0.0008933462668210268,
            0.0008953677606768906,
            0.0008972518262453377,
            0.0008986197644844651,
            0.0008993325172923505,
            0.0009003308950923383,
            0.000901759893167764,
            0.0009040127624757588
        ],
        "lr": [
            0.001,
            0.001,
            0.001,
            0.001,
            0.001,
            0.001,
            0.001,
            0.001,
            0.001,
            0.001,
            0.001,
            0.001,
            0.001,
            0.001,
            0.001,
            0.001,
            0.001,
            0.001,
            0.001,
            0.001,
            0.001,
            0.001,
            0.001,
            0.001,
            0.001,
            0.001,
            0.001,
            0.001,
            0.001,
            0.001,
            0.001,
            0.001,
            0.001,
            0.001,
            0.001
        ],
        "best_epoch": 25,
        "total_epochs": 35
    }
}