{
    "model_arch": {
        "input_dim": 5,
        "hidden_dim": 128,
        "output_dim": 2
    },
    "training_config": {
        "lr": 0.001,
        "max_epochs": 50,
        "patience": 10,
        "hidden_dim": 128,
        "input_dim": 5,
        "optimizer": "Adam"
    },
    "training_history": {
        "train_loss": [
            0.019967285142774925,
            0.0005003266001949669,
            0.00017354875203636765,
            0.00010226431866158236,
            7.543553285813687e-05,
            6.920582550264953e-05,
            4.682807605149719e-05,
            3.951319423549649e-05,
            3.459267547896161e-05,
            3.2271974237119136e-05,
            2.2654967744983877e-05,
            2.171372225348023e-05,
            2.0580556031291054e-05,
            1.5851349462536746e-05,
            1.6700085711818247e-05,
            1.941699399594654e-05,
            2.1452138730637672e-05,
            2.6224933321827848e-05,
            2.6348648520979624e-05,
            2.2283680118562187e-05,
            1.8144467480851746e-05,
            1.607649456900617e-05,
            2.014108935100012e-05,
            6.10788936512563e-05,
            3.729319495278105e-05,
            2.4641698536242985e-05,
            2.731265921056547e-05,
            1.8431635515980817e-05,
            1.7220724066646655e-05,
            2.4866087636610244e-05,
            4.58639644421055e-05,
            2.689897643790573e-05,
            1.5902877959206307e-05,
            1.0926595805926809e-05,
            3.1645638597410655e-05,
            0.00010896763350274342,
            9.016631603344649e-05,
            7.136459958019259e-05,
            1.8149354752949874e-05,
            1.2131896042433254e-05,
            1.00772944676919e-05,
            8.824890090863847e-06,
            9.748921613095263e-06,
            1.0716974739466422e-05,
            9.820433751883683e-06,
            8.83229386658968e-06,
            8.704057299269152e-06,
            1.2006093353988944e-05,
            3.6428584780878734e-05,
            0.00010054629989326713
        ],
        "val_loss": [
            0.001690958859398961,
            0.00019383509061299264,
            0.00015389623877126724,
            0.00017459441733080894,
            7.788999937474728e-05,
            6.514527922263369e-05,
            4.267940312274732e-05,
            3.967863449361175e-05,
            4.208392056170851e-05,
            3.503745756461285e-05,
            2.870823118428234e-05,
            2.9316215659491718e-05,
            2.5068638933589682e-05,
            2.30871210078476e-05,
            2.195027263951488e-05,
            2.7142206818098202e-05,
            4.5126616896595806e-05,
            4.203936623525806e-05,
            3.0777620850130916e-05,
            2.0067362129339017e-05,
            1.9621935280156322e-05,
            3.84753875550814e-05,
            8.695973519934341e-05,
            0.00012452673399820924,
            1.919905116665177e-05,
            1.7400925571564585e-05,
            2.264546674268786e-05,
            1.6442787455162033e-05,
            5.8233243180438876e-05,
            9.745430725160986e-05,
            9.807353490032256e-05,
            2.7261541617917828e-05,
            1.4746864508197177e-05,
            4.323252142057754e-05,
            0.00015659298514947295,
            5.686848089681007e-05,
            1.9748356862692162e-05,
            9.693932952359319e-05,
            1.636035267438274e-05,
            1.7876851416076533e-05,
            1.4720261788170319e-05,
            1.3550341463997029e-05,
            1.8250417269882746e-05,
            1.7553820725879632e-05,
            1.313527627644362e-05,
            1.5440265997312963e-05,
            1.9595203411881812e-05,
            4.457846443983726e-05,
            0.00015504912880714983,
            4.6793116780463606e-05
        ],
        "lr": [
            0.001,
            0.001,
            0.001,
            0.001,
            0.001,
            0.001,
            0.001,
            0.001,
            0.001,
            0.001,
            0.001,
            0.001,
            0.001,
            0.001,
            0.001,
            0.001,
            0.001,
            0.001,
            0.001,
            0.001,
            0.001,
            0.001,
            0.001,
            0.001,
            0.001,
            0.001,
            0.001,
            0.001,
            0.001,
            0.001,
            0.001,
            0.001,
            0.001,
            0.001,
            0.001,
            0.001,
            0.001,
            0.001,
            0.001,
            0.001,
            0.001,
            0.001,
            0.001,
            0.001,
            0.001,
            0.001,
            0.001,
            0.001,
            0.001,
            0.001
        ],
        "best_epoch": 45,
        "total_epochs": 50
    }
}