{
    "model_arch": {
        "input_dim": 5,
        "hidden_dim": 64,
        "output_dim": 2,
        "seq_len": 10,
        "num_layers": 1,
        "seed": 42
    },
    "training_config": {
        "lr": 0.001,
        "max_epochs": 50,
        "patience": 10,
        "hidden_dim": 64,
        "input_dim": 5,
        "output_dim": 2,
        "seq_len": 10,
        "num_layers": 1,
        "optimizer": "Adam"
    },
    "training_history": {
        "train_loss": [
            0.00010289804140018131,
            7.573822759254062e-05,
            5.678125908087928e-05,
            5.903550037360625e-05,
            6.323810979407766e-05,
            6.882853025719683e-05,
            5.3894676237021854e-05,
            4.650841024141174e-05,
            4.9290048360524384e-05,
            6.661288441714747e-05,
            7.027621898942866e-05,
            5.460858843337333e-05,
            7.190220714674006e-05,
            6.227729262007749e-05,
            6.007585910391697e-05,
            0.00010443343360106055,
            0.00014038281991165638,
            7.561448213717036e-05,
            6.457760782429727e-05,
            8.134283164558113e-05,
            0.000124489058188038,
            8.394803696472198e-05,
            0.00012541877729244086,
            0.0001020621958305557,
            0.0001100484166895486
        ],
        "val_loss": [
            0.0008153706439770758,
            0.0007339755538851023,
            0.00045050246990285814,
            0.00040865966002456844,
            0.0006414721719920635,
            0.000514411658514291,
            0.000362289953045547,
            0.0004575658240355551,
            0.0003744845453184098,
            0.00039838330121710896,
            0.0003244708350393921,
            0.00036224452196620405,
            0.00044406874803826213,
            0.000649561989121139,
            0.0002375096082687378,
            0.0012534747365862131,
            0.0004012869903817773,
            0.0005990080535411835,
            0.0004460059280972928,
            0.0006728475564159453,
            0.0017272855620831251,
            0.0012005851604044437,
            0.0009072468965314329,
            0.0010242080315947533,
            0.0013000371400266886
        ],
        "lr": [
            0.001,
            0.001,
            0.001,
            0.001,
            0.001,
            0.001,
            0.001,
            0.001,
            0.001,
            0.001,
            0.001,
            0.001,
            0.001,
            0.001,
            0.001,
            0.001,
            0.001,
            0.001,
            0.001,
            0.001,
            0.001,
            0.001,
            0.001,
            0.001,
            0.001
        ],
        "best_epoch": 15,
        "total_epochs": 25
    }
}