{
    "model_arch": {
        "input_dim": 5,
        "hidden_dim": 128,
        "output_dim": 2,
        "seed": 42
    },
    "training_config": {
        "lr": 0.001,
        "max_epochs": 50,
        "patience": 10,
        "samples_train": 40,
        "optimizer": "Adam"
    },
    "training_history": {
        "train_loss": [
            0.000990576598320136,
            0.000858883315590204,
            0.0007643886836817076,
            0.0007115390668240445,
            0.0006725911560220719,
            0.0006515974757852572,
            0.0006394298591103448,
            0.0006303973210750778,
            0.0006272840378180175,
            0.0006535238292123787,
            0.0006219760299496302,
            0.000646307519786456,
            0.0006515028460820098,
            0.0006196131069361347,
            0.0006104897876352221,
            0.0006084042840174902,
            0.0006135545380955007,
            0.0006632756945339362,
            0.0007291560975079091,
            0.0009665192605926677,
            0.000753486430452168,
            0.0006982176211230257,
            0.0007703539217075925,
            0.0007632051608751029,
            0.0008542529908809663,
            0.0007460558226047383,
            0.0006976188468931245,
            0.0007174001652022012
        ],
        "val_loss": [
            0.0009099255504107785,
            0.0008026682900223034,
            0.0007362193265768673,
            0.0006991300265995626,
            0.0006727811478763608,
            0.000657315345506832,
            0.0006365720780878309,
            0.0006276710515495632,
            0.0006279129897564175,
            0.0006220196402194818,
            0.0006115669051764156,
            0.0006330896661883596,
            0.0006089820432866184,
            0.0006210227237788596,
            0.0006079403467646368,
            0.0006387375249287835,
            0.0006254013872722461,
            0.0006031845889699678,
            0.0009981426003276438,
            0.0014613574327116516,
            0.0006034219657748669,
            0.0006285122947856908,
            0.0006352752455191579,
            0.0006152087607869828,
            0.0007238106392045101,
            0.0006526356904638378,
            0.0006270801996631057,
            0.0006331797593727894
        ],
        "lr": [
            0.001,
            0.001,
            0.001,
            0.001,
            0.001,
            0.001,
            0.001,
            0.001,
            0.001,
            0.001,
            0.001,
            0.001,
            0.001,
            0.001,
            0.001,
            0.001,
            0.001,
            0.001,
            0.001,
            0.001,
            0.001,
            0.001,
            0.001,
            0.001,
            0.001,
            0.001,
            0.001,
            0.001
        ],
        "best_epoch": 18,
        "total_epochs": 28
    }
}