{
    "model_arch": {
        "input_dim": 5,
        "hidden_dim": 128,
        "output_dim": 2,
        "seed": 42
    },
    "training_config": {
        "lr": 0.001,
        "max_epochs": 50,
        "patience": 10,
        "samples_train": 40,
        "optimizer": "Adam",
        "library": "TensorFlow/Keras"
    },
    "training_history": {
        "train_loss": [
            0.004138495773077011,
            0.00011531488416949287,
            0.0001236803364008665,
            0.00013507450057659298,
            0.00012103687913622707,
            0.00010057264444185421,
            9.90941989584826e-05,
            9.601537749404088e-05,
            0.00015398261894006282,
            0.00012651160068344325,
            0.00010660965199349448,
            0.00013131416926626116,
            7.918867049738765e-05,
            9.432613296667114e-05,
            9.072549437405542e-05,
            9.508521907264367e-05,
            5.947471800027415e-05,
            7.748551433905959e-05,
            6.325271533569321e-05,
            6.374782242346555e-05,
            5.5920230806805193e-05,
            5.15415558766108e-05,
            5.36387633474078e-05,
            5.367245466914028e-05,
            4.153850022703409e-05,
            4.707994230557233e-05,
            3.7586502003250644e-05,
            4.067998088430613e-05,
            4.063086089445278e-05,
            3.2140054827323183e-05,
            3.5868612030753866e-05,
            3.6157747672405094e-05,
            2.8895468858536333e-05,
            2.806509110087063e-05,
            2.8932527129654773e-05,
            2.947279608633835e-05,
            2.570719698269386e-05,
            3.0561313906218857e-05,
            2.0084058633074164e-05,
            2.9756014555459842e-05,
            1.935502041305881e-05
        ],
        "val_loss": [
            0.00012270445586182177,
            5.475968646351248e-05,
            0.00047160088433884084,
            2.6448646167409606e-05,
            2.4260476493509486e-05,
            4.0278828237205744e-05,
            2.2165660993778147e-05,
            1.725710171740502e-05,
            2.3548405806650408e-05,
            3.1976873287931085e-05,
            1.4332784303405788e-05,
            1.7553895304445177e-05,
            5.421370588010177e-05,
            0.0002541103749535978,
            8.703866478754207e-05,
            1.2204318409203552e-05,
            0.00020329782273620367,
            1.826215157052502e-05,
            1.3464881703839637e-05,
            1.3543939530791249e-05,
            0.00013328659406397492,
            4.4179298129165545e-05,
            1.2128873095207382e-05,
            1.6401301763835363e-05,
            8.325204544235021e-05,
            5.1248800446046516e-05,
            6.76735580782406e-05,
            1.4590241335099563e-05,
            1.120642900787061e-05,
            5.530381895368919e-05,
            1.075993714039214e-05,
            1.5106360478966963e-05,
            1.5929326764307916e-05,
            1.8583423297968693e-05,
            1.568663901707623e-05,
            1.793702358554583e-05,
            5.0195529183838516e-05,
            1.6747715562814847e-05,
            1.6972751836874522e-05,
            2.144853351637721e-05,
            1.3927940926805604e-05
        ],
        "lr": [
            0.001,
            0.001,
            0.001,
            0.001,
            0.001,
            0.001,
            0.001,
            0.001,
            0.001,
            0.001,
            0.001,
            0.001,
            0.001,
            0.001,
            0.001,
            0.001,
            0.001,
            0.001,
            0.001,
            0.001,
            0.001,
            0.001,
            0.001,
            0.001,
            0.001,
            0.001,
            0.001,
            0.001,
            0.001,
            0.001,
            0.001,
            0.001,
            0.001,
            0.001,
            0.001,
            0.001,
            0.001,
            0.001,
            0.001,
            0.001,
            0.001
        ],
        "best_epoch": 31,
        "total_epochs": 41
    }
}