{
    "model_arch": {
        "input_dim": 5,
        "hidden_dim": 128,
        "output_dim": 2,
        "seed": 42
    },
    "training_config": {
        "lr": 0.001,
        "max_epochs": 50,
        "patience": 10,
        "samples_train": 40,
        "optimizer": "Adam",
        "library": "scikit-learn"
    },
    "training_history": {
        "train_loss": [
            0.0007555912922509949,
            0.0006131902708290162,
            0.0006024543809722459,
            0.0006049053244803036,
            0.0005994895763807893,
            0.0006013560254804157,
            0.0005976348549973197,
            0.0005972683860507949,
            0.0005958070064364232,
            0.0005950917954254546,
            0.0006006792821980323,
            0.0005893893179923232,
            0.0005881151610191023,
            0.0005950625126096279,
            0.0005964305866623753,
            0.0005881908399889068,
            0.0005930108078167001,
            0.0005920180164395145,
            0.0005919199056538433,
            0.000595468137480952,
            0.0005861225246892264,
            0.0005958653762847195,
            0.0006046726597474505,
            0.0006181314954716169,
            0.0006131908019234314,
            0.0005924575127871645,
            0.0005900637020126947,
            0.000590573559431988,
            0.0005909042208087483,
            0.0005900966736215215,
            0.0005905597684851203
        ],
        "val_loss": [
            0.0007679352208656341,
            0.0006200384156599898,
            0.0006051713823920366,
            0.0006063505031646886,
            0.0006005570651405663,
            0.000602107102849205,
            0.0005982605177665651,
            0.0005978003365361644,
            0.0005962802362757055,
            0.0005954989364015526,
            0.0006012157633146798,
            0.0005900678579427277,
            0.000588622942065851,
            0.0005953992638980056,
            0.0005966915482560481,
            0.0005885188507652304,
            0.0005934838257414157,
            0.000592579714725948,
            0.0005922793601203006,
            0.0005957158384951398,
            0.0005865273313217832,
            0.0005966240151774041,
            0.0006047168211383236,
            0.0006182723357801781,
            0.0006137447058647516,
            0.0005928311143322518,
            0.0005905554439483574,
            0.0005912080700802411,
            0.0005916621023716231,
            0.0005907244748432906,
            0.0005912771333760888
        ],
        "lr": [
            0.001,
            0.001,
            0.001,
            0.001,
            0.001,
            0.001,
            0.001,
            0.001,
            0.001,
            0.001,
            0.001,
            0.001,
            0.001,
            0.001,
            0.001,
            0.001,
            0.001,
            0.001,
            0.001,
            0.001,
            0.001,
            0.001,
            0.001,
            0.001,
            0.001,
            0.001,
            0.001,
            0.001,
            0.001,
            0.001,
            0.001
        ],
        "best_epoch": 21,
        "total_epochs": 31
    }
}