{
    "model_arch": {
        "input_dim": 5,
        "hidden_dim": 128,
        "output_dim": 2,
        "seed": 42
    },
    "training_config": {
        "lr": 0.001,
        "max_epochs": 50,
        "patience": 10,
        "samples_train": 40,
        "optimizer": "Adam"
    },
    "training_history": {
        "train_loss": [
            0.0009905765983201215,
            0.0008588833155901935,
            0.0007643886836817019,
            0.0007115390668240336,
            0.0006725911560220688,
            0.0006515974757852398,
            0.000639429859110383,
            0.0006303973210751328,
            0.0006272840378180897,
            0.0006535238292124633,
            0.0006219760299497115,
            0.0006463075197863013,
            0.0006515028460814572,
            0.0006196131069362567,
            0.0006104897876356286,
            0.0006084042840178866,
            0.0006135545380961247,
            0.0006632756945324943,
            0.0007291560975143342,
            0.0009665192605900531,
            0.0007534864304326006,
            0.0006982176210857274,
            0.0007703539215922353,
            0.000763205160786338,
            0.0008542529907911662,
            0.0007460558229209703,
            0.0006976188472323728,
            0.0007174001653395027
        ],
        "val_loss": [
            0.0009099255504107797,
            0.00080266829002229,
            0.0007362193265768401,
            0.000699130026599474,
            0.000672781147876475,
            0.0006573153455069844,
            0.0006365720780878226,
            0.0006276710515495069,
            0.0006279129897565646,
            0.0006220196402188677,
            0.0006115669051764293,
            0.0006330896661874382,
            0.0006089820432866238,
            0.0006210227237794319,
            0.0006079403467647136,
            0.0006387375249348777,
            0.0006254013872737986,
            0.0006031845889699845,
            0.0009981426003559798,
            0.0014613574325740345,
            0.0006034219657768029,
            0.0006285122948249597,
            0.0006352752454252733,
            0.0006152087606176178,
            0.0007238106391632734,
            0.0006526356907000466,
            0.0006270801997910568,
            0.0006331797595132734
        ],
        "lr": [
            0.001,
            0.001,
            0.001,
            0.001,
            0.001,
            0.001,
            0.001,
            0.001,
            0.001,
            0.001,
            0.001,
            0.001,
            0.001,
            0.001,
            0.001,
            0.001,
            0.001,
            0.001,
            0.001,
            0.001,
            0.001,
            0.001,
            0.001,
            0.001,
            0.001,
            0.001,
            0.001,
            0.001
        ],
        "best_epoch": 18,
        "total_epochs": 28
    }
}