{
    "model_arch": {
        "input_dim": 5,
        "hidden_dim": 128,
        "output_dim": 2
    },
    "training_config": {
        "lr": 0.001,
        "max_epochs": 50,
        "patience": 10,
        "hidden_dim": 128,
        "input_dim": 5,
        "optimizer": "Adam"
    },
    "training_history": {
        "train_loss": [
            0.011276388167607366,
            0.00027880848952008817,
            0.00013541609926051023,
            0.00010175597965371708,
            9.66774843618623e-05,
            6.30528676083486e-05,
            5.4294672520427414e-05,
            5.24372424251851e-05,
            4.4172351499582875e-05,
            5.147990220848442e-05,
            6.118410566386956e-05,
            4.0224794224741346e-05,
            2.1796149451347446e-05,
            2.8516872930595127e-05,
            3.130659536054736e-05,
            2.591625909076356e-05,
            2.692082265411955e-05,
            2.4324517073637254e-05,
            2.5510755682489618e-05,
            2.1747478939460052e-05,
            2.969392863860776e-05,
            9.387447163931029e-05,
            0.00015321324077604003,
            0.00011497145317207469,
            4.0798512941364606e-05,
            2.05552181114399e-05,
            1.9196860171177833e-05,
            1.65148746759769e-05,
            1.6503617405305705e-05,
            1.3753122598814115e-05,
            1.2506476284102064e-05,
            1.7286582669839844e-05,
            4.259192801896461e-05,
            5.001903547281472e-05,
            0.00010687166819707272,
            0.0001117656339943096,
            6.322215535305986e-05,
            3.3202141804622445e-05,
            2.4670756329214782e-05
        ],
        "val_loss": [
            0.0011345724342390895,
            0.00018987867224495858,
            0.00024190134718082845,
            0.0001307734928559512,
            9.585024236002937e-05,
            7.778719009365886e-05,
            6.442415178753436e-05,
            7.565628038719296e-05,
            3.465914414846338e-05,
            5.7350694987690076e-05,
            5.133185914019123e-05,
            3.02863736578729e-05,
            3.509884118102491e-05,
            4.92798862978816e-05,
            3.381689384696074e-05,
            2.4634600777062587e-05,
            4.1588267777115107e-05,
            2.4269495042972267e-05,
            4.436679955688305e-05,
            4.673188959714025e-05,
            0.00011381377407815307,
            0.00041806514491327107,
            0.00010680324339773506,
            2.868654701160267e-05,
            3.811124406638555e-05,
            2.303752989973873e-05,
            2.963249608001206e-05,
            2.6034127586171962e-05,
            1.955565676325932e-05,
            2.5673907657619566e-05,
            2.6064381017931737e-05,
            4.869356416747905e-05,
            5.103223884361796e-05,
            0.0001323852047789842,
            0.000378261785954237,
            8.069744217209518e-05,
            3.080447277170606e-05,
            7.623965939274058e-05,
            4.515593172982335e-05
        ],
        "lr": [
            0.001,
            0.001,
            0.001,
            0.001,
            0.001,
            0.001,
            0.001,
            0.001,
            0.001,
            0.001,
            0.001,
            0.001,
            0.001,
            0.001,
            0.001,
            0.001,
            0.001,
            0.001,
            0.001,
            0.001,
            0.001,
            0.001,
            0.001,
            0.001,
            0.001,
            0.001,
            0.001,
            0.001,
            0.001,
            0.001,
            0.001,
            0.001,
            0.001,
            0.001,
            0.001,
            0.001,
            0.001,
            0.001,
            0.001
        ],
        "best_epoch": 29,
        "total_epochs": 39
    }
}