{
    "model_arch": {
        "input_dim": 5,
        "hidden_dim": 128,
        "output_dim": 2
    },
    "training_config": {
        "lr": 0.001,
        "max_epochs": 50,
        "patience": 10,
        "hidden_dim": 128,
        "input_dim": 5,
        "optimizer": "Adam"
    },
    "training_history": {
        "train_loss": [
            0.010366024889299297,
            0.0003487278865122789,
            0.00016410316129622515,
            7.391098940843222e-05,
            5.563671370509837e-05,
            3.356799270477495e-05,
            2.8700257951186357e-05,
            2.57543089446699e-05,
            2.152345379045073e-05,
            3.534741217094961e-05,
            2.4129346184054156e-05,
            4.21226826460952e-05,
            3.233070597730148e-05,
            2.749113456843588e-05,
            2.736000126901672e-05,
            2.5866692476483875e-05,
            2.4297034894971147e-05,
            1.5141213077640714e-05,
            2.4287560972879873e-05,
            4.531545286567962e-05,
            6.23132144369265e-05,
            4.262745634946441e-05,
            2.0369078703197375e-05,
            1.397625625827459e-05,
            2.9227840195744646e-05,
            0.00014765421815923218,
            0.00014729205745425133,
            0.00011108903319154707
        ],
        "val_loss": [
            0.00042753550224006176,
            0.0002064481086563319,
            0.00014086246665101498,
            5.8796624216483906e-05,
            4.7403282223967835e-05,
            4.907560651190579e-05,
            4.1292882087873295e-05,
            3.424055830691941e-05,
            3.108261080342345e-05,
            3.183658918715082e-05,
            2.7267926270724274e-05,
            0.00010230976477032527,
            6.481741002062336e-05,
            6.143412610981613e-05,
            5.196772690396756e-05,
            2.1662252038368024e-05,
            2.9665508918697014e-05,
            1.9818595319520682e-05,
            9.983796189771965e-05,
            0.00014164583990350366,
            6.456716073444113e-05,
            2.4723942260607146e-05,
            2.1583366105915047e-05,
            3.565322913345881e-05,
            0.00015870544302742928,
            2.6438099666847847e-05,
            8.343219087691978e-05,
            0.00012822097050957382
        ],
        "lr": [
            0.001,
            0.001,
            0.001,
            0.001,
            0.001,
            0.001,
            0.001,
            0.001,
            0.001,
            0.001,
            0.001,
            0.001,
            0.001,
            0.001,
            0.001,
            0.001,
            0.001,
            0.001,
            0.001,
            0.001,
            0.001,
            0.001,
            0.001,
            0.001,
            0.001,
            0.001,
            0.001,
            0.001
        ],
        "best_epoch": 18,
        "total_epochs": 28
    }
}