{
    "model_arch": {
        "input_dim": 5,
        "hidden_dim": 128,
        "output_dim": 2,
        "seed": 42
    },
    "training_config": {
        "lr": 0.001,
        "max_epochs": 50,
        "patience": 10,
        "samples_train": 40,
        "optimizer": "Adam",
        "library": "TensorFlow/Keras"
    },
    "training_history": {
        "train_loss": [
            0.0012927219504490495,
            0.0006637373589910567,
            0.000652889721095562,
            0.0006554467254318297,
            0.0006468617357313633,
            0.0006454125395976007,
            0.0006441142177209258,
            0.0006436457624658942,
            0.0006423132726922631,
            0.0006408978370018303,
            0.0006395102827809751,
            0.0006382718565873802,
            0.0006373132928274572,
            0.000636721437331289
        ],
        "val_loss": [
            0.0006917311693541706,
            0.0006661927909590304,
            0.0006486802594736218,
            0.0006366653251461685,
            0.0006680121296085417,
            0.0007056902977637947,
            0.0007208312163129449,
            0.0007255158270709217,
            0.0007272502407431602,
            0.0007258898694999516,
            0.00072046450804919,
            0.0007108494755811989,
            0.0006971888360567391,
            0.0006794824730604887
        ],
        "lr": [
            0.001,
            0.001,
            0.001,
            0.001,
            0.001,
            0.001,
            0.001,
            0.001,
            0.001,
            0.001,
            0.001,
            0.001,
            0.001,
            0.001
        ],
        "best_epoch": 4,
        "total_epochs": 14
    }
}