{
    "model_arch": {
        "input_dim": 5,
        "hidden_dim": 128,
        "output_dim": 2,
        "seed": 42
    },
    "training_config": {
        "lr": 0.001,
        "max_epochs": 50,
        "patience": 10,
        "samples_train": 40,
        "optimizer": "Adam",
        "library": "scikit-learn"
    },
    "training_history": {
        "train_loss": [
            3.7913296640220804e-05,
            1.3914324310044058e-05,
            0.00010008147305407911,
            7.73554946737152e-06,
            5.1305404687453284e-05,
            7.180711209149997e-06,
            1.363118488224902e-05,
            6.4881874124572e-06,
            5.671742247497777e-06,
            2.2030587636188896e-05,
            5.958398377323961e-06,
            6.119769739268917e-06,
            6.704897386213063e-06,
            1.479422428674475e-05,
            6.145818671171992e-06,
            6.778350233110982e-06,
            5.945045983996616e-06,
            5.561012949344209e-06,
            6.062310382346938e-06,
            5.757385172472059e-06,
            5.315531445317752e-06,
            6.211804889937514e-06,
            5.629244721339111e-06,
            5.462597463255061e-06,
            5.661720619898408e-06,
            5.253284292066056e-06,
            5.400148374449228e-06,
            5.2312563092148135e-06,
            5.295931703876764e-06,
            5.086679262257798e-06,
            5.228678649294475e-06,
            5.379391111938781e-06,
            5.38331859613565e-06,
            5.4931704633550545e-06,
            5.474005207735352e-06,
            5.482405843294017e-06,
            5.412047707401291e-06,
            5.3011000150773685e-06,
            5.340300246333252e-06,
            5.2637939091950125e-06,
            5.549830436766329e-06
        ],
        "val_loss": [
            5.028308167622441e-05,
            2.3388813545683498e-05,
            0.00011078390575925701,
            1.5882342043020722e-05,
            5.974405786446923e-05,
            1.4549064690662092e-05,
            2.101552881606914e-05,
            1.3342054925342519e-05,
            1.220100445544597e-05,
            2.895601924249652e-05,
            1.2716671859511911e-05,
            1.2986490691244096e-05,
            1.3987318779122174e-05,
            2.208262832606469e-05,
            1.3331369349914897e-05,
            1.3787188646349102e-05,
            1.2473751170467712e-05,
            1.1952921493749015e-05,
            1.2622481465271332e-05,
            1.225613452078401e-05,
            1.1632310602277876e-05,
            1.2583629632825332e-05,
            1.1920814948971964e-05,
            1.1825731595516513e-05,
            1.2072051024876562e-05,
            1.133487090272577e-05,
            1.1725711853835301e-05,
            1.1421150044557457e-05,
            1.1377178230430326e-05,
            1.1288536566867214e-05,
            1.1277019213522861e-05,
            1.1599618213817454e-05,
            1.1609130483453698e-05,
            1.1778260103316313e-05,
            1.1756861141659756e-05,
            1.1759471755770992e-05,
            1.1622410358412618e-05,
            1.142021807128996e-05,
            1.1341793065798883e-05,
            1.142927826115064e-05,
            1.179208319046404e-05
        ],
        "lr": [
            0.001,
            0.001,
            0.001,
            0.001,
            0.001,
            0.001,
            0.001,
            0.001,
            0.001,
            0.001,
            0.001,
            0.001,
            0.001,
            0.001,
            0.001,
            0.001,
            0.001,
            0.001,
            0.001,
            0.001,
            0.001,
            0.001,
            0.001,
            0.001,
            0.001,
            0.001,
            0.001,
            0.001,
            0.001,
            0.001,
            0.001,
            0.001,
            0.001,
            0.001,
            0.001,
            0.001,
            0.001,
            0.001,
            0.001,
            0.001,
            0.001
        ],
        "best_epoch": 31,
        "total_epochs": 41
    }
}