{
    "model_arch": {
        "input_dim": 5,
        "hidden_dim": 128,
        "output_dim": 2,
        "seed": 42
    },
    "training_config": {
        "lr": 0.001,
        "max_epochs": 50,
        "patience": 10,
        "samples_train": 40,
        "optimizer": "Adam"
    },
    "training_history": {
        "train_loss": [
            0.10633548621844051,
            0.001865917332589967,
            0.00020546566582358358,
            0.00012765489046841149,
            0.00010385502648427459,
            7.083638573011023e-05,
            6.0355940008932334e-05,
            4.525402952237341e-05,
            4.128363273567392e-05,
            3.85155333910414e-05,
            3.543929213902928e-05,
            5.377598840314432e-05,
            9.059392748394212e-05,
            9.65241467913104e-05,
            8.302291584430695e-05,
            5.2844225062279364e-05,
            2.349052952698815e-05,
            3.802772087416385e-05,
            7.427863954822527e-05,
            0.0001160976826574912,
            0.00011711166431629659,
            4.947388518365658e-05,
            2.2905961734985244e-05,
            1.9584686632516863e-05,
            1.7618525640923576e-05,
            1.8214803734125545e-05,
            1.9910048100658382e-05,
            2.0017778880959202e-05,
            3.073304073884193e-05,
            3.920435800826358e-05,
            0.00012550871022978444,
            0.000201901793066379,
            0.00022385095155491916,
            0.00011822565487589319,
            4.571582634769944e-05,
            3.801559623100236e-05,
            2.056937839717785e-05,
            2.2018826909419144e-05,
            1.8781055740526854e-05,
            2.475147225011428e-05,
            1.941449005741989e-05,
            3.217169311844617e-05,
            4.8078113317215335e-05,
            9.202069094808106e-05,
            0.00020516936170763764,
            0.0003405465539972042,
            0.0003047507945777868,
            6.697480084983129e-05,
            2.8187838609656597e-05,
            2.1829774922639265e-05
        ],
        "val_loss": [
            0.011029029408935225,
            0.0004934486771624939,
            0.00024231541546509405,
            0.0001695552608884221,
            0.00013030569821845427,
            0.00010470620268820739,
            8.575135441294661e-05,
            8.396917970901667e-05,
            6.934457247038377e-05,
            5.4420485250625046e-05,
            4.003245056584836e-05,
            6.752952375844141e-05,
            0.00012940327404464694,
            0.00012941096819680923,
            8.800535083402475e-05,
            3.304131869757699e-05,
            3.399230097116596e-05,
            6.345296012786769e-05,
            7.903560827956885e-05,
            0.00011831238456883595,
            0.00011157447631515653,
            4.41688978431342e-05,
            2.786855094164572e-05,
            2.377232836985013e-05,
            2.7554488627132683e-05,
            2.870289118655434e-05,
            2.2612011551806373e-05,
            4.398046241428296e-05,
            2.6745397532723776e-05,
            7.773151931145821e-05,
            0.0005484207757298691,
            5.0521801965920734e-05,
            0.0001654249548418128,
            7.45280252249629e-05,
            8.883692622303015e-05,
            3.2847128122254206e-05,
            2.0113269581905893e-05,
            2.238867002380521e-05,
            5.2671965633516566e-05,
            1.8548265854339458e-05,
            1.763940697243449e-05,
            3.2906395269039816e-05,
            0.0002268757402865874,
            0.0003036044232787708,
            0.0008249922652576411,
            3.373593059810383e-05,
            0.00010149784938292502,
            5.40198045640517e-05,
            5.2501559187108765e-05,
            2.0773900882036907e-05
        ],
        "lr": [
            0.001,
            0.001,
            0.001,
            0.001,
            0.001,
            0.001,
            0.001,
            0.001,
            0.001,
            0.001,
            0.001,
            0.001,
            0.001,
            0.001,
            0.001,
            0.001,
            0.001,
            0.001,
            0.001,
            0.001,
            0.001,
            0.001,
            0.001,
            0.001,
            0.001,
            0.001,
            0.001,
            0.001,
            0.001,
            0.001,
            0.001,
            0.001,
            0.001,
            0.001,
            0.001,
            0.001,
            0.001,
            0.001,
            0.001,
            0.001,
            0.001,
            0.001,
            0.001,
            0.001,
            0.001,
            0.001,
            0.001,
            0.001,
            0.001,
            0.001
        ],
        "best_epoch": 41,
        "total_epochs": 50
    }
}