{
    "model_arch": {
        "input_dim": 5,
        "hidden_dim": 128,
        "output_dim": 2
    },
    "training_config": {
        "lr": 0.001,
        "max_epochs": 50,
        "patience": 10,
        "hidden_dim": 128,
        "input_dim": 5,
        "optimizer": "Adam"
    },
    "training_history": {
        "train_loss": [
            0.011376311966159847,
            0.0010092287920997478,
            0.0008343484587385319,
            0.0007989029123564251,
            0.0007858445431338623,
            0.0007761570843285881,
            0.0007821189530659467,
            0.0007273993294802494,
            0.0007238606791361235,
            0.000717285911377985,
            0.0007086400975822472,
            0.0006976610675337724,
            0.0006681157930870541,
            0.0006508337319246493,
            0.0006466207894845865,
            0.0006325534341158345,
            0.000611333797860425,
            0.0006014397571561858,
            0.0006042475535650738,
            0.0006073516211472452,
            0.0006097417295677588,
            0.0006116793607361615,
            0.0006126389765995554,
            0.0006098792422562837,
            0.0005993323371512816,
            0.0005957588567980565,
            0.0005957666871836409,
            0.0006059230814571493,
            0.0006122208244050853,
            0.0006091045856010169,
            0.0006107338514993899,
            0.0006283281079959124,
            0.0006278645800193772,
            0.0006083332438720391,
            0.0006021641122060828,
            0.0006144287079223431
        ],
        "val_loss": [
            0.0012657169718295336,
            0.0008327860268764198,
            0.0008042172994464636,
            0.0007929708808660507,
            0.0007585530984215438,
            0.00076544180046767,
            0.0007524036336690187,
            0.0007006764062680304,
            0.0007169273449108005,
            0.0007129667210392654,
            0.0007239709957502782,
            0.0007062052609398961,
            0.0006648176931776106,
            0.0006633453303948045,
            0.0006490921368822455,
            0.0006144381477497518,
            0.0006039822474122047,
            0.0006089850794523954,
            0.0006211198051460087,
            0.000627790461294353,
            0.0006197078037075698,
            0.0005988918128423393,
            0.0006030938238836825,
            0.0006212306907400489,
            0.0005998979904688895,
            0.0005961324786767364,
            0.0006063961773179471,
            0.0006127225933596492,
            0.0005980450659990311,
            0.0005980342393741012,
            0.0006552407285198569,
            0.0007126767886802554,
            0.0006164793157950044,
            0.000598040409386158,
            0.0005990570061840117,
            0.0006172954454086721
        ],
        "lr": [
            0.001,
            0.001,
            0.001,
            0.001,
            0.001,
            0.001,
            0.001,
            0.001,
            0.001,
            0.001,
            0.001,
            0.001,
            0.001,
            0.001,
            0.001,
            0.001,
            0.001,
            0.001,
            0.001,
            0.001,
            0.001,
            0.001,
            0.001,
            0.001,
            0.001,
            0.001,
            0.001,
            0.001,
            0.001,
            0.001,
            0.001,
            0.001,
            0.001,
            0.001,
            0.001,
            0.001
        ],
        "best_epoch": 26,
        "total_epochs": 36
    }
}