{
    "model_arch": {
        "input_dim": 5,
        "hidden_dim": 128,
        "output_dim": 2,
        "seed": 42
    },
    "training_config": {
        "lr": 0.001,
        "max_epochs": 50,
        "patience": 10,
        "samples_train": 40,
        "optimizer": "Adam"
    },
    "training_history": {
        "train_loss": [
            0.10633548621844051,
            0.0018659173325899672,
            0.00020546566582358358,
            0.00012765489046841146,
            0.00010385502648427468,
            7.083638573011023e-05,
            6.03559400089322e-05,
            4.5254029522373455e-05,
            4.128363273567398e-05,
            3.851553339104134e-05,
            3.543929213902932e-05,
            5.377598840314457e-05,
            9.059392748394089e-05,
            9.65241467913088e-05,
            8.302291584430528e-05,
            5.2844225062278226e-05,
            2.3490529526986424e-05,
            3.802772087416683e-05,
            7.427863954823465e-05,
            0.00011609768265750397,
            0.00011711166431628882,
            4.947388518362668e-05,
            2.2905961734975242e-05,
            1.958468663251427e-05,
            1.7618525640924636e-05,
            1.821480373412307e-05,
            1.9910048100655387e-05,
            2.001777888095658e-05,
            3.073304073883684e-05,
            3.9204358008259214e-05,
            0.0001255087102297457,
            0.00020190179306641792,
            0.00022385095155483546,
            0.00011822565487593358,
            4.571582634770266e-05,
            3.80155962310236e-05,
            2.056937839718035e-05,
            2.2018826909450027e-05,
            1.8781055740547366e-05,
            2.475147225014468e-05,
            1.9414490057418427e-05,
            3.217169311843598e-05,
            4.807811331720552e-05,
            9.202069094796114e-05,
            0.0002051693617069977,
            0.00034054655399536857,
            0.0003047507945736448,
            6.697480085069357e-05,
            2.8187838610084027e-05,
            2.1829774923625378e-05
        ],
        "val_loss": [
            0.011029029408935225,
            0.000493448677162494,
            0.00024231541546509402,
            0.00016955526088842195,
            0.00013030569821845427,
            0.00010470620268820708,
            8.575135441294697e-05,
            8.396917970901706e-05,
            6.934457247038326e-05,
            5.4420485250625405e-05,
            4.0032450565848295e-05,
            6.75295237584415e-05,
            0.00012940327404464586,
            0.0001294109681968048,
            8.800535083401639e-05,
            3.304131869757531e-05,
            3.3992300971165724e-05,
            6.345296012787075e-05,
            7.90356082795816e-05,
            0.0001183123845688606,
            0.00011157447631513484,
            4.4168897843109675e-05,
            2.7868550941642085e-05,
            2.377232836984947e-05,
            2.7554488627141757e-05,
            2.8702891186546733e-05,
            2.2612011551806857e-05,
            4.398046241428634e-05,
            2.674539753271388e-05,
            7.773151931138615e-05,
            0.0005484207757297021,
            5.0521801965969876e-05,
            0.00016542495484167318,
            7.452802522485694e-05,
            8.883692622298901e-05,
            3.284712812221052e-05,
            2.0113269581905937e-05,
            2.238867002379595e-05,
            5.267196563366987e-05,
            1.8548265854346207e-05,
            1.7639406972432705e-05,
            3.290639526898486e-05,
            0.00022687574028633047,
            0.00030360442327858516,
            0.0008249922652536928,
            3.373593059838856e-05,
            0.00010149784938824804,
            5.401980456620045e-05,
            5.2501559189230826e-05,
            2.0773900881157212e-05
        ],
        "lr": [
            0.001,
            0.001,
            0.001,
            0.001,
            0.001,
            0.001,
            0.001,
            0.001,
            0.001,
            0.001,
            0.001,
            0.001,
            0.001,
            0.001,
            0.001,
            0.001,
            0.001,
            0.001,
            0.001,
            0.001,
            0.001,
            0.001,
            0.001,
            0.001,
            0.001,
            0.001,
            0.001,
            0.001,
            0.001,
            0.001,
            0.001,
            0.001,
            0.001,
            0.001,
            0.001,
            0.001,
            0.001,
            0.001,
            0.001,
            0.001,
            0.001,
            0.001,
            0.001,
            0.001,
            0.001,
            0.001,
            0.001,
            0.001,
            0.001,
            0.001
        ],
        "best_epoch": 41,
        "total_epochs": 50
    }
}