{
    "model_arch": {
        "input_dim": 5,
        "hidden_dim": 128,
        "output_dim": 2
    },
    "training_config": {
        "lr": 0.001,
        "max_epochs": 50,
        "patience": 10,
        "hidden_dim": 128,
        "input_dim": 5,
        "optimizer": "Adam"
    },
    "training_history": {
        "train_loss": [
            0.010586893383879215,
            0.0009874007999314926,
            0.0008289813456940464,
            0.0007989263351191767,
            0.0007914991001598537,
            0.0007448892691172659,
            0.0007315422641113401,
            0.0007080775816575624,
            0.0007489728057407774,
            0.0007099652691977098,
            0.000669083149114158,
            0.0006447767649660818,
            0.00063899136002874,
            0.0006347699832986109,
            0.0006776582958991639,
            0.0006410623944248072,
            0.0006090813389164395,
            0.0006110496222390793,
            0.0006460610427893698,
            0.0006588946751435287,
            0.000650434783892706,
            0.000615236084559001,
            0.0006155144365038723,
            0.0006408818022464402,
            0.0006520882889162749,
            0.0006086483714170754,
            0.0005939247057540342,
            0.0005948907593847253,
            0.0005977522741886787,
            0.0006379456928698346,
            0.0006472079301602207,
            0.0006192493325215765,
            0.0006004100549034774,
            0.0006015294988173991,
            0.0005957901885267347,
            0.000665838798158802,
            0.0006353968972689472,
            0.0006165630096802488,
            0.0006223554883035831,
            0.0006289072320214472,
            0.0006185586622450501,
            0.000599739360040985,
            0.0006132130045443773,
            0.0006206560283317231,
            0.0006219066053745337,
            0.0006109971989644691,
            0.0006159283555462025,
            0.0006118571749539114,
            0.0006158964984933846,
            0.0006145461578853428
        ],
        "val_loss": [
            0.0009428901830688119,
            0.0008634457481093705,
            0.0008212719694711268,
            0.000792263715993613,
            0.0007775350823067129,
            0.0007412697304971516,
            0.0007212258642539382,
            0.0006877512787468731,
            0.0006914270343258977,
            0.0006592195713892579,
            0.0006502980249933898,
            0.0006337567465379834,
            0.000621299201156944,
            0.000689778767991811,
            0.0006291109602898359,
            0.0006052335374988616,
            0.0006061246385797858,
            0.0005995439714752138,
            0.0007543268147855997,
            0.0006050896481610835,
            0.0006381996208801866,
            0.0006116977310739458,
            0.0005966619355604053,
            0.0006113025592640042,
            0.0006814103689976037,
            0.000596405123360455,
            0.0005944169824942946,
            0.000595160701777786,
            0.0005961357383057475,
            0.000756135443225503,
            0.0005988806951791048,
            0.0005922497948631644,
            0.0005995124811306596,
            0.0005978182307444513,
            0.000602140964474529,
            0.0008196295239031315,
            0.000597461941652,
            0.0005958169349469244,
            0.0006064526969566941,
            0.0006211710860952735,
            0.0006244382238946855,
            0.0005921277916058898,
            0.0006010621436871588,
            0.0006020385771989822,
            0.000624411681201309,
            0.000600991421379149,
            0.0006226375699043274,
            0.0006038460414856672,
            0.0006210167775861919,
            0.0006169033003970981
        ],
        "lr": [
            0.001,
            0.001,
            0.001,
            0.001,
            0.001,
            0.001,
            0.001,
            0.001,
            0.001,
            0.001,
            0.001,
            0.001,
            0.001,
            0.001,
            0.001,
            0.001,
            0.001,
            0.001,
            0.001,
            0.001,
            0.001,
            0.001,
            0.001,
            0.001,
            0.001,
            0.001,
            0.001,
            0.001,
            0.001,
            0.001,
            0.001,
            0.001,
            0.001,
            0.001,
            0.001,
            0.001,
            0.001,
            0.001,
            0.001,
            0.001,
            0.001,
            0.001,
            0.001,
            0.001,
            0.001,
            0.001,
            0.001,
            0.001,
            0.001,
            0.001
        ],
        "best_epoch": 42,
        "total_epochs": 50
    }
}