{
    "model_arch": {
        "input_dim": 5,
        "hidden_dim": 128,
        "output_dim": 2,
        "seed": 42
    },
    "training_config": {
        "lr": 0.001,
        "max_epochs": 50,
        "patience": 2,
        "samples_train": 10,
        "optimizer": "Adam"
    },
    "training_history": {
        "train_loss": [
            0.02154305863578395,
            0.020334124015689986,
            0.019221519430508503,
            0.018276410894742422,
            0.01747956666821039,
            0.01683380215492452,
            0.016334274254350235,
            0.015957227724952484,
            0.015682545032427143,
            0.015488098186379496,
            0.015354922452344983,
            0.015266287439902323,
            0.015208611158440874,
            0.015172249720408279,
            0.01514933089455216,
            0.01512949602975959,
            0.01509948537022838,
            0.015050563463891536,
            0.014986229476469853,
            0.014919412836288986,
            0.014861573969363096,
            0.014817854032590108,
            0.014784944640150084,
            0.014754615365943701,
            0.014724942166773319,
            0.01469706437719751,
            0.014670312867049898,
            0.014645339523306216,
            0.014621327879502011,
            0.014598933909276265,
            0.014577429880739009,
            0.014557418521772735,
            0.014538473459938367,
            0.014520754028607386,
            0.014504382613761932,
            0.014489117809870625,
            0.014475124233986395,
            0.014462649914351953,
            0.014451389421411784,
            0.014441364560669991,
            0.014433065391679184,
            0.014426352616587984,
            0.014420824399931715,
            0.01441665414995649,
            0.014413937079801398,
            0.014412256674557011,
            0.014411150793769584,
            0.01441022274474213,
            0.014409058368713762,
            0.01440733860120429
        ],
        "val_loss": [
            0.02123853363901591,
            0.019978360981106627,
            0.018923487616283565,
            0.018061319977010184,
            0.01733465847803223,
            0.016761389271945266,
            0.016327173402003018,
            0.016008687322423998,
            0.015779182531333785,
            0.015617442666441045,
            0.015507363060786313,
            0.015436278764366564,
            0.015393857301011466,
            0.015366103492742473,
            0.01533293286091937,
            0.015280491532789264,
            0.01521478069141676,
            0.01515196261763779,
            0.015095394072715453,
            0.015038133000726905,
            0.014986666433688211,
            0.014944491159481816,
            0.014905740717502728,
            0.014870029242340172,
            0.01483564147384505,
            0.014802058863361528,
            0.014770782633048339,
            0.014740521198829366,
            0.014712092001317421,
            0.01468482396765014,
            0.014659046304676522,
            0.014634665526694995,
            0.014611545701752904,
            0.014589917551566623,
            0.014569613410336218,
            0.014550513703520332,
            0.014532928293966367,
            0.01451671908935486,
            0.014501544681133462,
            0.014487718012893388,
            0.01447536921056294,
            0.014464018266390299,
            0.014453524976227738,
            0.01444405665302908,
            0.014435468129876589,
            0.014427491497604462,
            0.01441995164843101,
            0.014412687822952281,
            0.014405552586048522,
            0.014398432047696901
        ],
        "lr": [
            0.001,
            0.001,
            0.001,
            0.001,
            0.001,
            0.001,
            0.001,
            0.001,
            0.001,
            0.001,
            0.001,
            0.001,
            0.001,
            0.001,
            0.001,
            0.001,
            0.001,
            0.001,
            0.001,
            0.001,
            0.001,
            0.001,
            0.001,
            0.001,
            0.001,
            0.001,
            0.001,
            0.001,
            0.001,
            0.001,
            0.001,
            0.001,
            0.001,
            0.001,
            0.001,
            0.001,
            0.001,
            0.001,
            0.001,
            0.001,
            0.001,
            0.001,
            0.001,
            0.001,
            0.001,
            0.001,
            0.001,
            0.001,
            0.001,
            0.001
        ],
        "epoch_times": [
            0.22739171981811523,
            0.19153118133544922,
            0.18048572540283203,
            0.16659188270568848,
            0.17649006843566895,
            0.16842913627624512,
            0.18050813674926758,
            0.20342326164245605,
            0.1904892921447754,
            0.18055105209350586,
            0.1745004653930664,
            0.19221854209899902,
            0.20644903182983398,
            0.17752456665039062,
            0.17054367065429688,
            0.16755318641662598,
            0.1695880889892578,
            0.18246865272521973,
            0.19065284729003906,
            0.16757774353027344,
            0.1684126853942871,
            0.16850924491882324,
            0.1904904842376709,
            0.2293870449066162,
            0.1885380744934082,
            0.16850614547729492,
            0.20616865158081055,
            0.16996383666992188,
            0.19550299644470215,
            0.17752981185913086,
            0.1745004653930664,
            0.21342802047729492,
            0.17353606224060059,
            0.18051743507385254,
            0.18550920486450195,
            0.17282629013061523,
            0.17054414749145508,
            0.16776728630065918,
            0.1675560474395752,
            0.18949460983276367,
            0.1785142421722412,
            0.16755247116088867,
            0.1713550090789795,
            0.17840933799743652,
            0.20940613746643066,
            0.1934816837310791,
            0.1715717315673828,
            0.19148850440979004,
            0.19049286842346191,
            0.2623276710510254
        ],
        "best_epoch": 50,
        "total_epochs": 50,
        "total_training_time": 9.252214431762695,
        "total_training_time_minutes": 0.15420357386271158,
        "avg_epoch_time": 0.1850442886352539
    }
}