{
    "model_arch": {
        "input_dim": 5,
        "hidden_dim": 128,
        "output_dim": 2
    },
    "training_config": {
        "lr": 0.001,
        "max_epochs": 50,
        "patience": 2,
        "hidden_dim": 128,
        "input_dim": 5,
        "optimizer": "Adam"
    },
    "training_history": {
        "train_loss": [
            0.045290549844503404,
            0.02715550158172846,
            0.022398684173822403,
            0.019489164091646673,
            0.018305139057338236,
            0.01744434516876936,
            0.016948751360177993,
            0.016675869934260845,
            0.01644510291516781,
            0.01633032560348511,
            0.01605045171454549,
            0.015785695053637028,
            0.01558768656104803,
            0.015447914320975541,
            0.015204580314457417,
            0.015273972507566213
        ],
        "val_loss": [
            0.04088369756937027,
            0.022394564002752304,
            0.020667346194386482,
            0.019435884431004524,
            0.017802629619836807,
            0.017266442999243736,
            0.016833091154694557,
            0.01657612808048725,
            0.01627764105796814,
            0.016049984842538834,
            0.016162902116775513,
            0.01587820053100586,
            0.015607207082211971,
            0.015448263846337795,
            0.015542807057499886,
            0.016053983941674232
        ],
        "lr": [
            0.001,
            0.001,
            0.001,
            0.001,
            0.001,
            0.001,
            0.001,
            0.001,
            0.001,
            0.001,
            0.001,
            0.001,
            0.001,
            0.001,
            0.001,
            0.001
        ],
        "epoch_times": [
            0.05289125442504883,
            0.047847747802734375,
            0.049866437911987305,
            0.05385613441467285,
            0.07181048393249512,
            0.0498661994934082,
            0.038897037506103516,
            0.041887521743774414,
            0.0438838005065918,
            0.042885780334472656,
            0.04487800598144531,
            0.04488110542297363,
            0.03989386558532715,
            0.03989362716674805,
            0.038895606994628906,
            0.0359041690826416
        ],
        "best_epoch": 14,
        "total_epochs": 16,
        "total_training_time": 0.7509903907775879,
        "total_training_time_minutes": 0.012516506512959798,
        "avg_epoch_time": 0.04693689942359924
    }
}