{
    "model_arch": {
        "input_dim": 5,
        "hidden_dim": 128,
        "output_dim": 2,
        "seed": 42
    },
    "training_config": {
        "lr": 0.001,
        "max_epochs": 50,
        "patience": 2,
        "samples_train": 10,
        "optimizer": "Adam"
    },
    "training_history": {
        "train_loss": [
            0.2801543540224357,
            0.0890921243759101,
            0.026637675787012854,
            0.010262663605811476,
            0.0038183733664562966,
            0.0017439928606794186,
            0.0008350143434869993,
            0.000358584818535261,
            0.00025863206913434784,
            0.00026664788787492447,
            0.0002612838729620559,
            0.00024610378853609245,
            0.00022971945571299298,
            0.0002164793439545328,
            0.0002068120608835578,
            0.0001997821147670068,
            0.00019441868821143133
        ],
        "val_loss": [
            0.19298256348737153,
            0.045054433817483884,
            0.011851766334979948,
            0.00799712365828427,
            0.0006686324413009437,
            0.0023717627442839785,
            0.0005435396832549216,
            0.00033355637224080013,
            0.0003017762280633888,
            0.00026284155210294733,
            0.00024998927042984025,
            0.000229970006159162,
            0.00020570794645748748,
            0.00018622852738945053,
            0.00017623719493036171,
            0.00017727479000518944,
            0.0001873921999188457
        ],
        "lr": [
            0.001,
            0.001,
            0.001,
            0.001,
            0.001,
            0.001,
            0.001,
            0.001,
            0.001,
            0.001,
            0.001,
            0.001,
            0.001,
            0.001,
            0.001,
            0.001,
            0.001
        ],
        "epoch_times": [
            0.2313830852508545,
            0.19747066497802734,
            0.1904904842376709,
            0.1695401668548584,
            0.18450665473937988,
            0.22638225555419922,
            0.19647574424743652,
            0.168548583984375,
            0.16755270957946777,
            0.17054247856140137,
            0.18164372444152832,
            0.18537473678588867,
            0.16763520240783691,
            0.19639253616333008,
            0.16787457466125488,
            0.1705009937286377,
            0.18852663040161133
        ],
        "best_epoch": 15,
        "total_epochs": 17,
        "total_training_time": 3.1658501625061035,
        "total_training_time_minutes": 0.05276416937510173,
        "avg_epoch_time": 0.18622648014741786
    }
}