{
    "model_arch": {
        "input_dim": 5,
        "hidden_dim": 128,
        "output_dim": 2
    },
    "training_config": {
        "lr": 0.001,
        "max_epochs": 50,
        "patience": 2,
        "hidden_dim": 128,
        "input_dim": 5,
        "optimizer": "Adam"
    },
    "training_history": {
        "train_loss": [
            0.020818087831139566,
            0.005223219748586416,
            0.0019905442284652965,
            0.0009182374007650651,
            0.000563866482116282,
            0.0003893481218256056,
            0.0002940515765658347,
            0.00020705541537608952,
            0.00012757227013935336,
            8.300484259962104e-05,
            7.45387073038728e-05,
            7.249676637002266e-05,
            6.469812633440597e-05,
            5.900208780076355e-05,
            5.531408933165949e-05,
            5.1074430575681615e-05,
            4.786942308783182e-05,
            4.479646941035753e-05,
            4.216813222228666e-05,
            3.949158026443911e-05,
            3.756451651497628e-05,
            3.5422544988250594e-05,
            3.371674874870223e-05,
            3.216396607967909e-05,
            3.123773549305042e-05,
            3.054739991057431e-05,
            3.1053025668370535e-05,
            3.112010354016093e-05,
            3.151042474200949e-05,
            2.794219244606211e-05,
            2.5285907486249926e-05,
            2.301186141266953e-05,
            2.301652393725817e-05,
            2.2194803568709177e-05,
            2.52296058988577e-05,
            2.329295293748146e-05,
            2.5262746748921928e-05,
            2.101368218063726e-05,
            2.0259013126633363e-05,
            2.0118689599257776e-05,
            2.0878852319583528e-05
        ],
        "val_loss": [
            0.014484806917607784,
            0.0042306347750127316,
            0.0011122447904199362,
            0.0004093784955330193,
            0.00035566301085054874,
            0.0003749614697881043,
            0.00031321978894993663,
            0.0001682806760072708,
            0.00010518579074414447,
            9.816372039495036e-05,
            9.368998144054785e-05,
            8.498249371768907e-05,
            7.850174006307498e-05,
            7.305248436750844e-05,
            6.902223685756326e-05,
            6.517317524412647e-05,
            6.120969919720665e-05,
            5.866183710168116e-05,
            5.4791304137324914e-05,
            5.285039515001699e-05,
            4.9971218686550856e-05,
            4.786278441315517e-05,
            4.5547069021267816e-05,
            4.4056683691451326e-05,
            4.193891436443664e-05,
            4.048510891152546e-05,
            3.8166428566910326e-05,
            3.698012005770579e-05,
            3.663226016215049e-05,
            3.385436866665259e-05,
            3.230660513509065e-05,
            3.047724749194458e-05,
            3.0072391382418573e-05,
            2.884843706851825e-05,
            2.820000736392103e-05,
            2.727236096689012e-05,
            2.7865185984410346e-05,
            2.7233863875153475e-05,
            2.5630799427744932e-05,
            2.6831166906049475e-05,
            2.673853850865271e-05
        ],
        "lr": [
            0.001,
            0.001,
            0.001,
            0.001,
            0.001,
            0.001,
            0.001,
            0.001,
            0.001,
            0.001,
            0.001,
            0.001,
            0.001,
            0.001,
            0.001,
            0.001,
            0.001,
            0.001,
            0.001,
            0.001,
            0.001,
            0.001,
            0.001,
            0.001,
            0.001,
            0.001,
            0.001,
            0.001,
            0.001,
            0.001,
            0.001,
            0.001,
            0.001,
            0.001,
            0.001,
            0.001,
            0.001,
            0.001,
            0.001,
            0.001,
            0.001
        ],
        "epoch_times": [
            0.040891170501708984,
            0.03191566467285156,
            0.029918193817138672,
            0.0249330997467041,
            0.027925491333007812,
            0.03789830207824707,
            0.03391218185424805,
            0.029920339584350586,
            0.03590226173400879,
            0.029921293258666992,
            0.04391598701477051,
            0.0388951301574707,
            0.03989601135253906,
            0.039575815200805664,
            0.03690290451049805,
            0.04089021682739258,
            0.03690075874328613,
            0.038895606994628906,
            0.0468745231628418,
            0.03690218925476074,
            0.03390955924987793,
            0.03724098205566406,
            0.02892160415649414,
            0.02892327308654785,
            0.03291130065917969,
            0.03690314292907715,
            0.034905433654785156,
            0.029920339584350586,
            0.0329132080078125,
            0.031914710998535156,
            0.03290987014770508,
            0.03390955924987793,
            0.03291201591491699,
            0.0359041690826416,
            0.03091716766357422,
            0.028924226760864258,
            0.02592945098876953,
            0.03291177749633789,
            0.029920101165771484,
            0.0388951301574707,
            0.03889727592468262
        ],
        "best_epoch": 39,
        "total_epochs": 41,
        "total_training_time": 4.049846172332764,
        "total_training_time_minutes": 0.06749743620554606,
        "avg_epoch_time": 0.0987767359105552
    }
}