Model,MSE,RMSE,MAE,MAX_ERR,R2
Own_MLP,1.1516244422457347e-05,0.003127635124107117,0.0018539982014924353,0.030944592925996744,0.9805386805917313
Torch_MLP,1.3178548258742205e-05,0.0034082487460192234,0.0020224841092529133,0.03494881047382001,0.9777781791047346
