{
    "model_arch": {
        "input_dim": 5,
        "hidden_dim": 64,
        "output_dim": 2,
        "seq_len": 10,
        "num_layers": 1,
        "seed": 42
    },
    "training_config": {
        "lr": 0.001,
        "max_epochs": 500,
        "patience": 20,
        "batch_size": 512,
        "hidden_dim": 64,
        "input_dim": 5,
        "output_dim": 2,
        "seq_len": 10,
        "num_layers": 1,
        "optimizer": "Adam",
        "device": "cuda"
    },
    "training_history": {
        "train_loss": [
            4.827909360161235e-05,
            3.4522887414361686e-05,
            3.4066177296848856e-05,
            3.379322791999117e-05,
            3.3627518328935845e-05,
            3.346843991410947e-05,
            3.3420454669854435e-05,
            3.3346442848800323e-05,
            3.328904867433231e-05,
            3.3268052779510736e-05,
            3.320403544187668e-05,
            3.319540230900475e-05,
            3.3172895101005035e-05,
            3.315337154553442e-05,
            3.3146576767768315e-05,
            3.3111814662297855e-05,
            3.3123201960847746e-05,
            3.311106559819859e-05,
            3.310973828495681e-05,
            3.307106126856022e-05,
            3.3079282818891874e-05,
            3.306884638381899e-05,
            3.3060407312475975e-05,
            3.303909427593841e-05,
            3.3042609034023585e-05,
            3.3036309373883486e-05,
            3.300617824749531e-05,
            3.3010236777308335e-05,
            3.300346732415635e-05,
            3.301757100957171e-05,
            3.300306613580778e-05,
            3.298893953923012e-05,
            3.2985590157403025e-05,
            3.296445682839906e-05,
            3.29739084289742e-05,
            3.2973561973796604e-05,
            3.295372912384178e-05,
            3.296102654159595e-05,
            3.2957240080225045e-05,
            3.2956871571616176e-05,
            3.293639787267544e-05,
            3.294974879464583e-05,
            3.2931160726031646e-05,
            3.293847883145258e-05,
            3.2916909289067924e-05,
            3.29268497387121e-05,
            3.2918152526867464e-05,
            3.293214061885564e-05,
            3.290888879585577e-05,
            3.2914624973552684e-05,
            3.290959414799542e-05,
            3.2904583783843805e-05,
            3.2890474908944905e-05,
            3.2911154562644656e-05,
            3.2882929552113845e-05,
            3.290736192945161e-05,
            3.28888283487751e-05,
            3.288139844788129e-05,
            3.289198810271355e-05,
            3.287317920887947e-05,
            3.289428048188423e-05,
            3.2875124323391825e-05,
            3.286271146334476e-05,
            3.28798538780679e-05,
            3.286625137857336e-05,
            3.287464161827218e-05
        ],
        "val_loss": [
            3.322787961224094e-05,
            3.2871968869585544e-05,
            3.302281038486399e-05,
            3.226710396120325e-05,
            3.195351382601075e-05,
            3.207746703992598e-05,
            3.208925045328215e-05,
            3.2371481211157516e-05,
            3.1943585781846195e-05,
            3.1873587431618944e-05,
            3.214374737581238e-05,
            3.201744766556658e-05,
            3.20915860356763e-05,
            3.186372487107292e-05,
            3.238948920625262e-05,
            3.263650796725415e-05,
            3.1994284654501826e-05,
            3.267394276917912e-05,
            3.2171825296245515e-05,
            3.262613245169632e-05,
            3.193202428519726e-05,
            3.240164733142592e-05,
            3.252647729823366e-05,
            3.199058846803382e-05,
            3.1966803362593055e-05,
            3.2333304261555895e-05,
            3.196735997335054e-05,
            3.1863979529589415e-05,
            3.183591616107151e-05,
            3.2237196137430146e-05,
            3.213722084183246e-05,
            3.202462175977416e-05,
            3.1985928217181936e-05,
            3.183804074069485e-05,
            3.182491127518006e-05,
            3.19575410685502e-05,
            3.2025207474362105e-05,
            3.19075770676136e-05,
            3.1871371902525425e-05,
            3.199483035132289e-05,
            3.209230999345891e-05,
            3.1840849260333925e-05,
            3.213933086954057e-05,
            3.195045064785518e-05,
            3.1895549909677356e-05,
            3.179772102157585e-05,
            3.2252108212560415e-05,
            3.1820622098166496e-05,
            3.2035513868322596e-05,
            3.205973553122021e-05,
            3.184013985446654e-05,
            3.1831754313316196e-05,
            3.206990731996484e-05,
            3.1971769203664735e-05,
            3.181008287356235e-05,
            3.1939893233357e-05,
            3.245100742788054e-05,
            3.2014413591241464e-05,
            3.1844188924878836e-05,
            3.224938700441271e-05,
            3.1966141250450164e-05,
            3.202773223165423e-05,
            3.2393323635915294e-05,
            3.184300658176653e-05,
            3.1987881811801344e-05,
            3.1876235880190507e-05
        ],
        "lr": [
            0.001,
            0.001,
            0.001,
            0.001,
            0.001,
            0.001,
            0.001,
            0.001,
            0.001,
            0.001,
            0.001,
            0.001,
            0.001,
            0.001,
            0.001,
            0.001,
            0.001,
            0.001,
            0.001,
            0.001,
            0.001,
            0.001,
            0.001,
            0.001,
            0.001,
            0.001,
            0.001,
            0.001,
            0.001,
            0.001,
            0.001,
            0.001,
            0.001,
            0.001,
            0.001,
            0.001,
            0.001,
            0.001,
            0.001,
            0.001,
            0.001,
            0.001,
            0.001,
            0.001,
            0.001,
            0.001,
            0.001,
            0.001,
            0.001,
            0.001,
            0.001,
            0.001,
            0.001,
            0.001,
            0.001,
            0.001,
            0.001,
            0.001,
            0.001,
            0.001,
            0.001,
            0.001,
            0.001,
            0.001,
            0.001,
            0.001
        ],