{
    "model_arch": {
        "input_dim": 5,
        "hidden_dim": 128,
        "output_dim": 2,
        "seed": 42
    },
    "training_config": {
        "lr": 0.001,
        "max_epochs": 500,
        "patience": 20,
        "samples_train": 1000,
        "optimizer": "Adam"
    },
    "training_history": {
        "train_loss": [
            0.004017030423780565,
            9.362553067207587e-05,
            0.00012886236185030603,
            0.0002079878621498629,
            0.00018695140745254068,
            0.00011509306611703838,
            0.00014490469747399637,
            6.546169006397912e-05,
            5.802900187234085e-05,
            6.962702486723123e-05,
            7.317523652802751e-05,
            3.19277641994389e-05,
            4.8620675918534195e-05,
            4.703426648266356e-05,
            2.9225246357954303e-05,
            2.9769905400041123e-05,
            3.167722808081013e-05,
            2.775283214895216e-05,
            2.47734327710846e-05,
            1.77011964225449e-05,
            2.445962168282481e-05,
            2.5316938486442293e-05,
            1.541156502735504e-05,
            1.9263932809197054e-05,
            2.255616189849001e-05,
            1.6948386515642857e-05,
            2.0350095746644788e-05,
            1.684088222832271e-05,
            1.833791431259919e-05,
            1.774261992341506e-05,
            2.802441814838702e-05,
            1.0312503795901204e-05,
            1.6524410064878835e-05,
            1.775656369450812e-05,
            1.55617302147238e-05,
            1.628359904155344e-05,
            1.768962876496353e-05,
            1.7095117128919077e-05,
            1.6030089991631037e-05,
            2.499797998476668e-05,
            1.5217411907184022e-05,
            1.4225519750699204e-05,
            1.7429009760474925e-05,
            1.4764576195778977e-05,
            1.757631071049075e-05,
            1.6279316366175855e-05,
            1.5909480465761608e-05,
            1.5552620173506685e-05,
            1.705476865927282e-05,
            1.7079229646919777e-05,
            1.4027845684947351e-05,
            1.8108526623370153e-05,
            1.4646011486965301e-05,
            1.8699677185310392e-05,
            1.527679757444594e-05,
            1.5251937253445431e-05,
            1.841041676105293e-05,
            1.5471832558210444e-05,
            1.5171437268725353e-05,
            1.5938772234588093e-05,
            1.8515281860054043e-05,
            1.4397254449665288e-05,
            3.227890082907712e-05,
            6.407634276518107e-06,
            1.4455251177988576e-05,
            1.5163058826681941e-05,
            1.5127869125189132e-05,
            1.525775533374233e-05,
            1.7078120208684252e-05,
            1.5154440598049369e-05,
            1.5849744677916855e-05,
            1.5983274938184208e-05,
            1.5507318593596104e-05,
            2.035214678000093e-05,
            1.1695579039653694e-05,
            1.6328004403685807e-05,
            1.4517426765751312e-05,
            1.7670339492019107e-05,
            1.4617321168774936e-05,
            1.5291340717790363e-05,
            1.7187285863934974e-05,
            1.4681174915242686e-05,
            2.0234155974437714e-05,
            1.2826301336663705e-05,
            1.5154498388241343e-05,
            1.6982408370935965e-05,
            1.4810117308046617e-05,
            1.7417423983441274e-05,
            1.2822476316828192e-05,
            1.586383241086749e-05,
            3.9010535479800984e-05,
            5.633382188181411e-06,
            1.4314206847953712e-05,
            1.551463628483053e-05,
            1.4905522909233887e-05,
            2.2692352074422854e-05,
            1.0318056108266872e-05,
            1.5141736219209372e-05,
            1.579714448649975e-05,
            1.4539737786850655e-05,
            1.6755292899070105e-05,
            1.4335780169971379e-05,
            1.6030814564350508e-05,
            1.798151188854752e-05,
            1.3132902447719994e-05,
            1.459308176779935e-05,
            1.5202593986650242e-05
        ],
        "val_loss": [
            2.2612706909419957e-05,
            1.4797728808724248e-05,
            6.765420623270669e-05,
            1.5924910735258203e-05,
            3.4861171277618286e-05,
            1.806757744593269e-05,
            2.549473267017e-05,
            8.702766412475728e-05,
            1.5749914189791597e-05,
            3.426393001614604e-05,
            7.411610788412877e-06,
            8.810305688392665e-06,
            1.888465523712405e-05,
            7.079982189614395e-06,
            1.4183435791470736e-05,
            1.1077335030985545e-05,
            7.933435398718568e-06,
            6.134194179139583e-06,
            8.93988125414408e-06,
            6.1257144865782794e-06,
            5.341523069125628e-06,
            8.432545745936393e-06,
            1.2159714301019453e-05,
            1.0670419214948355e-05,
            7.411248938479397e-06,
            1.1353147757211088e-05,
            4.681397405838098e-06,
            8.384821452308144e-06,
            6.300955773539498e-06,
            6.218510260767574e-06,
            4.538587785557879e-06,
            4.840921032971895e-06,
            5.347612552954303e-06,
            1.2120191180162193e-05,
            5.894988078775024e-06,
            6.44793392202823e-06,
            4.7269982177555386e-06,
            4.619364766600666e-06,
            4.854841305660396e-06,
            4.660085618344138e-06,
            5.958707042441998e-06,
            8.366238105394612e-06,
            4.0782435904575175e-05,
            7.234111570210644e-06,
            1.2872698639933506e-05,
            4.7301369875637185e-06,
            4.742258549535457e-06,
            3.345776907514279e-05,
            4.529733084114472e-06,
            5.06609912504195e-06,
            2.0277731978029556e-05,
            6.9330539651251656e-06,
            4.5115937995058135e-06,
            4.478483879451767e-06,
            6.141543366645259e-06,
            1.489772790974802e-05,
            6.924003865810897e-06,
            9.739280195181206e-06,
            4.394376329353613e-05,
            3.961957790393654e-05,
            4.974782976688825e-06,
            7.305803321060379e-06,
            5.093765932735993e-06,
            7.807706261890686e-06,
            1.119573888631431e-05,
            2.3487038742932647e-05,
            2.0533373806068674e-05,
            2.174182688841906e-05,
            2.3578431480251197e-05,
            1.45841806850816e-05,
            9.49536062040906e-06,
            4.404323449807717e-06,
            5.156798567759374e-06,
            4.547206074865831e-06,
            1.70838342823975e-05,
            4.927841746686595e-06,
            1.9345754047196213e-05,
            1.505546995786002e-05,
            1.3278984833288092e-05,
            1.2049942117854739e-05,
            9.59569276280094e-06,
            1.4621122474048445e-05,
            4.959898202768681e-06,
            4.998377371421547e-06,
            1.9218214515199042e-05,
            6.13458132034094e-06,
            4.225813428831113e-06,
            4.404208769845636e-06,
            5.8455108697844174e-06,
            1.1716297076526784e-05,
            5.226223947484392e-06,
            1.4971902237704227e-05,
            1.8043307227100033e-05,
            4.391068339762623e-06,
            5.551220306620134e-06,
            5.013779051311145e-06,
            1.5087479328746658e-05,
            7.370203415957622e-06,
            6.054636113740212e-06,
            1.092798465140445e-05,
            1.4769084500420015e-05,
            1.0053463959053739e-05,
            4.902584567063811e-06,
            4.352644163348853e-06,
            1.600873683604064e-05,
            7.207307190869466e-06,
            1.4374322525712279e-05
        ],