{
    "model_arch": {
        "input_dim": 5,
        "hidden_dim": 128,
        "output_dim": 2
    },
    "training_config": {
        "lr": 0.001,
        "max_epochs": 500,
        "patience": 20,
        "hidden_dim": 128,
        "input_dim": 5,
        "optimizer": "Adam"
    },
    "training_history": {
        "train_loss": [
            0.0003284964699274724,
            4.7511950303601225e-05,
            4.2776019869137374e-05,
            3.532443896898485e-05,
            3.233325344262994e-05,
            2.2814651535270514e-05,
            1.98032627914273e-05,
            2.22016786855761e-05,
            1.5116156957148519e-05,
            1.5842663698364844e-05,
            1.4871955686984962e-05,
            1.6572235024483463e-05,
            2.5311022657625415e-05,
            7.931790222009738e-06,
            1.2303698553992604e-05,
            1.1226017516385412e-05,
            2.0845962962354748e-05,
            7.522307900636349e-06,
            1.218927456625707e-05,
            1.0830621055163192e-05,
            4.8652521132709124e-05,
            5.736345368731577e-06,
            9.684991209134352e-06,
            1.1215684472873022e-05,
            1.0918309885759925e-05,
            1.052274756592908e-05,
            1.2054967713094555e-05,
            3.432304057410107e-05,
            5.090632875194956e-06,
            7.293196596354079e-06,
            1.0701094638928765e-05,
            9.72309995550269e-06,
            1.8389902802240954e-05,
            6.477890804399422e-06,
            1.0081979773701732e-05,
            2.092987483518982e-05,
            8.241861657964478e-06,
            9.691165529716273e-06,
            1.048769810545025e-05,
            2.2867358908538194e-05,
            5.774424534566336e-06,
            1.0615234148556141e-05,
            1.58850692427972e-05,
            8.244234780260484e-06,
            1.005557207405161e-05,
            1.6200555554348738e-05,
            7.160598859305978e-06,
            1.135334178719205e-05,
            8.80115239031909e-06,
            8.925310632688266e-05,
            4.8801253387225076e-06,
            5.325765618922063e-06,
            8.643711928523424e-06
        ],
        "val_loss": [
            1.2821975360566285e-05,
            0.00011085714504588395,
            2.0374185623950325e-05,
            5.9581154346233234e-05,
            2.854132981155999e-05,
            1.160630472440971e-05,
            1.8790096873999573e-05,
            2.371067057538312e-05,
            1.94685908354586e-05,
            5.756684549851343e-05,
            1.914107815537136e-05,
            4.6892928367014974e-06,
            5.415787200035993e-06,
            2.8027121516061015e-05,
            5.555100869969465e-06,
            5.558230895985616e-06,
            5.394046183937462e-06,
            1.3207431038608775e-05,
            5.06244323332794e-05,
            9.259601029043552e-06,
            4.39724362877314e-06,
            6.390959697455401e-06,
            1.4623063179897144e-05,
            5.864233571628574e-06,
            4.300491582398536e-06,
            9.191164281219244e-06,
            5.626714482787065e-06,
            4.4243888623896055e-06,
            4.4205198719282635e-06,
            6.128438599262154e-06,
            5.255756150290836e-06,
            5.110211077408167e-06,
            4.234927928337129e-06,
            4.675712716561975e-06,
            6.002758709655609e-06,
            4.617268587026047e-06,
            5.79764537178562e-06,
            6.096444394643186e-06,
            6.0077150010329206e-06,
            4.28261091656168e-06,
            6.141884114185814e-06,
            6.9638208515243605e-06,
            4.675353466154775e-06,
            5.991370471747359e-06,
            5.369109658204252e-06,
            4.278057986084605e-06,
            9.544216482026968e-06,
            5.020533990318654e-06,
            5.0196154006698634e-06,
            4.243830062478082e-06,
            4.2543792915239464e-06,
            5.209568371355999e-06,
            4.8402371248812415e-06
        ],
        "lr": [
            0.001,
            0.001,
            0.001,
            0.001,
            0.001,
            0.001,
            0.001,
            0.001,
            0.001,
            0.001,
            0.001,
            0.001,
            0.001,
            0.001,
            0.001,
            0.001,
            0.001,
            0.001,
            0.001,
            0.001,
            0.001,
            0.001,
            0.001,
            0.001,
            0.001,
            0.001,
            0.001,
            0.001,
            0.001,
            0.001,
            0.001,
            0.001,
            0.001,
            0.001,
            0.001,
            0.001,
            0.001,
            0.001,
            0.001,
            0.001,
            0.001,
            0.001,
            0.001,
            0.001,
            0.001,
            0.001,
            0.001,
            0.001,
            0.001,
            0.001,
            0.001,
            0.001,
            0.001
        ],
        "epoch_times": [
            3.546513557434082,
            3.557302236557007,
            3.8736379146575928,
            3.943638801574707,
            3.7223570346832275,
            3.503601551055908,
            3.664581537246704,
            3.7798914909362793,
            3.596376895904541,
            3.556563377380371,
            3.589397430419922,
            3.6352791786193848,
            3.5281131267547607,
            4.996822118759155,
            3.7553725242614746,
            3.7978413105010986,
            3.8546879291534424,
            3.7910547256469727,
            3.7320570945739746,
            3.890765905380249,
            3.648240327835083,
            3.8985722064971924,
            3.637242555618286,
            4.375295877456665,
            3.613996744155884,
            3.906048536300659,
            3.6083476543426514,
            3.8999903202056885,
            3.7679197788238525,
            3.7529613971710205,
            3.5680959224700928,
            4.269579172134399,
            3.9886605739593506,
            4.060139417648315,
            5.006168842315674,
            4.348187685012817,
            6.585981130599976,
            4.953649044036865,
            3.975957155227661,
            3.7726292610168457,
            3.5006353855133057,
            3.3696088790893555,
            3.955167770385742,
            3.6741702556610107,
            3.8294763565063477,
            3.419851541519165,
            3.6412582397460938,
            3.415515661239624,
            3.456751823425293,
            3.5195839405059814,
            3.7184181213378906,
            3.9115371704101562,
            3.6119892597198486
        ],
        "best_epoch": 33,
        "total_epochs": 53,
        "total_training_time": 207.76402115821838,
        "total_training_time_minutes": 3.4627336859703064,
        "avg_epoch_time": 3.920075870909781
    }
}