{
    "model_arch": {
        "input_dim": 5,
        "hidden_dim": 128,
        "output_dim": 2
    },
    "training_config": {
        "lr": 0.001,
        "max_epochs": 500,
        "patience": 20,
        "hidden_dim": 128,
        "input_dim": 5,
        "optimizer": "Adam"
    },
    "training_history": {
        "train_loss": [
            0.014411937626078725,
            0.014083862442523241,
            0.014026021138764918,
            0.013991620318964124,
            0.01396684136800468,
            0.013952146817930043,
            0.013942957350052894,
            0.013927724804729223,
            0.01391960308328271,
            0.013907249466516078,
            0.013899791261181235,
            0.013891952197998762,
            0.013885315577499568,
            0.01388164338376373,
            0.01387798698991537,
            0.013867356344126164,
            0.013863549030385912,
            0.013857125178910792,
            0.0138493398334831,
            0.013843137522228061,
            0.013840952718630433,
            0.013836112613789737,
            0.013826423685066402,
            0.01382372210547328,
            0.01381574587803334,
            0.013812209111638368,
            0.013806329183280468,
            0.013803011376410722,
            0.013797626153565943,
            0.013793748332187534,
            0.01379034481290728,
            0.013787115897983312,
            0.013783437501639127,
            0.013781844126060604,
            0.013777155074290932,
            0.013777531469240784,
            0.01377237094938755,
            0.013769895933568478,
            0.013767847468145192,
            0.013765907316468656,
            0.0137632294325158,
            0.013761694189161061,
            0.013759384510107338,
            0.013757915668189525,
            0.01375675730407238,
            0.013755157336592674,
            0.01375370512250811,
            0.013752816706895828,
            0.013752189323306083,
            0.013750142128206789,
            0.013748691288754344,
            0.013746947418898344,
            0.013746041594073177,
            0.013745163269340992,
            0.013744001630693675,
            0.013742712129838765,
            0.013741873740218579,
            0.013739592999219894,
            0.013739015714265406,
            0.013737650731578468,
            0.013737189397215844,
            0.013735521150752902,
            0.013733127336017788,
            0.013731800744310022,
            0.01373160988278687,
            0.013730351741425693,
            0.013729870012961328,
            0.013728862131014466,
            0.013728822938166558,
            0.013728263405151665,
            0.01372635253984481,
            0.013725674574263394,
            0.013724821767769754,
            0.013723768826574088,
            0.01372398685477674,
            0.013724698918871582,
            0.013721867362968624,
            0.013721652624197304,
            0.013720939978957175,
            0.013720817292109132,
            0.013719608505256473,
            0.013719352825544774,
            0.013717931250110268,
            0.01371767199318856,
            0.013716846839524805,
            0.013716543802060187,
            0.013716204393655061,
            0.013715273838490248,
            0.013714705185033382,
            0.013713871082291006,
            0.013713566657155752,
            0.013712692908011376,
            0.013712479365058244,
            0.01371132451388985,
            0.013711070741526783,
            0.013711115869693457,
            0.013710948913358152,
            0.01371034266334027,
            0.013709707125090063,
            0.01370900223404169,
            0.01370897168852389,
            0.013708393450826407,
            0.01370713960006833,
            0.01370720374584198,
            0.013706733416765928,
            0.01370657395850867,
            0.013706144105643034,
            0.013706002569757401,
            0.013705035300925374,
            0.01370525669399649,
            0.013704573770053685,
            0.013704693276435137,
            0.013703117831610143,
            0.01370336543675512,
            0.013702989940531552,
            0.013703191361390055
        ],