{
    "model_arch": {
        "input_dim": 5,
        "hidden_dim": 64,
        "output_dim": 2,
        "seq_len": 10,
        "num_layers": 1,
        "seed": 42
    },
    "training_config": {
        "lr": 0.001,
        "max_epochs": 500,
        "patience": 20,
        "batch_size": 512,
        "hidden_dim": 64,
        "input_dim": 5,
        "output_dim": 2,
        "seq_len": 10,
        "num_layers": 1,
        "optimizer": "Adam",
        "device": "cuda"
    },
    "training_history": {
        "train_loss": [
            0.020092038442041344,
            0.0200533703086596,
            0.020051578224806667,
            0.020051092799717455,
            0.020049190698918258,
            0.02004867020208689,
            0.020048066973686218,
            0.02004707308100911,
            0.02004735863990861,
            0.02004664080246742,
            0.020046492675887748,
            0.02004673817232654,
            0.0200464321056224,
            0.020045530508619406,
            0.020045592205202245,
            0.020045285519695054,
            0.02004491077160869,
            0.020045276426168376,
            0.020045506780160753,
            0.020044217271355663,
            0.02004479309157815,
            0.020044708975137215,
            0.020044291680743485,
            0.02004398216409242,
            0.020044750957806147,
            0.020044531861232354,
            0.02004401937094494,
            0.02004380577020568,
            0.020044417693988428,
            0.020043612435985833,
            0.020044058874084444,
            0.020043578242560253,
            0.02004340998329531,
            0.020043414886709864,
            0.020044063711781156
        ],
        "val_loss": [
            0.01996679976582527,
            0.019963692873716354,
            0.01996912993490696,
            0.019969914108514786,
            0.019962122663855553,
            0.01996307261288166,
            0.019965367391705513,
            0.019967377185821533,
            0.019971434026956558,
            0.01996418833732605,
            0.01996825449168682,
            0.019966866821050644,
            0.01997898332774639,
            0.019967345520853996,
            0.0199594683945179,
            0.019961025565862656,
            0.01997195929288864,
            0.019963933154940605,
            0.01997508853673935,
            0.019966300576925278,
            0.019961455836892128,
            0.019984403625130653,
            0.01997886784374714,
            0.019961539655923843,
            0.019960425794124603,
            0.019962776452302933,
            0.01996760629117489,
            0.019969692453742027,
            0.019967462867498398,
            0.019972901791334152,
            0.019962729886174202,
            0.01996181346476078,
            0.019970720633864403,
            0.019962109625339508,
            0.019963232800364494
        ],
        "lr": [
            0.001,
            0.001,
            0.001,
            0.001,
            0.001,
            0.001,
            0.001,
            0.001,
            0.001,
            0.001,
            0.001,
            0.001,
            0.001,
            0.001,
            0.001,
            0.001,
            0.001,
            0.001,
            0.001,
            0.001,
            0.001,
            0.001,
            0.001,
            0.001,
            0.001,
            0.001,
            0.001,
            0.001,
            0.001,
            0.001,
            0.001,
            0.001,
            0.001,
            0.001,
            0.001
        ],
        "epoch_times": [
            30.673948049545288,
            29.210402488708496,
            27.800015449523926,
            27.99375009536743,
            28.195289134979248,
            28.385175704956055,
            28.19362473487854,
            27.788617610931396,
            28.791046380996704,
            27.790594339370728,
            28.59269070625305,
            27.990838766098022,
            27.995603561401367,
            27.65332341194153,
            27.521823167800903,
            27.995413780212402,
            27.297683238983154,
            27.71183133125305,
            27.36330819129944,
            28.17831254005432,
            27.61851143836975,
            28.362592935562134,
            27.583549737930298,
            27.607766151428223,
            27.13304591178894,
            28.03545832633972,
            27.790401697158813,
            28.202207803726196,
            28.592716455459595,
            27.592669010162354,
            27.389230489730835,
            28.169424057006836,
            28.266146659851074,
            27.335729360580444,
            27.79095149040222
        ],
        "best_epoch": 15,
        "total_epochs": 35,
        "total_training_time": 984.1474306583405,
        "total_training_time_minutes": 16.402457177639008,
        "avg_epoch_time": 28.118498018809728
    }
}