{
    "model_arch": {
        "input_dim": 5,
        "hidden_dim": 128,
        "output_dim": 2
    },
    "training_config": {
        "lr": 0.0005,
        "max_epochs": 100,
        "patience": 10,
        "hidden_dim": 128,
        "input_dim": 5,
        "optimizer": "Adam"
    },
    "training_history": {
        "train_loss": [
            0.0004750349061959014,
            2.2801246268613796e-05,
            2.9041579019320807e-05,
            5.6595176687991965e-05,
            2.908585217869586e-05,
            3.416673580947816e-05,
            2.7465832478156927e-05,
            2.588642506002259e-05,
            2.2964332171326875e-05,
            2.2145757470525494e-05,
            1.9937747921147774e-05,
            1.8825387681459916e-05,
            1.8505104489037194e-05,
            1.6903593409807628e-05,
            1.558933012415764e-05,
            1.6242949949457852e-05,
            1.4801443268950721e-05,
            1.3616259631881178e-05,
            1.3593875235628161e-05,
            1.38240449120417e-05,
            1.261484701876725e-05,
            1.3703959405077626e-05,
            1.2160372092171911e-05,
            1.2020114537605764e-05,
            1.1163037236819662e-05,
            1.0972418337843237e-05,
            1.079237068242378e-05,
            1.1014735784833363e-05,
            1.0102546595284423e-05,
            1.118851630847928e-05,
            9.593839496687906e-06,
            9.704729276602818e-06,
            1.2339453872122874e-05,
            8.855635326831645e-06,
            9.602411197707995e-06,
            9.404832819299714e-06,
            9.158256871067749e-06,
            9.656570734186688e-06,
            8.843508350338425e-06,
            9.121579317891814e-06,
            9.06273415003156e-06,
            1.0158421601172307e-05,
            8.506250639372048e-06,
            8.68170064252638e-06,
            9.18459620482892e-06,
            9.147055919193293e-06,
            8.98071545772794e-06,
            8.461970065081203e-06,
            8.42604165385552e-06,
            9.279688503919913e-06,
            8.08937222709183e-06,
            8.509048470472181e-06,
            9.656511280093482e-06,
            7.966991175802463e-06,
            8.331289603429325e-06,
            8.71363870498243e-06,
            8.518998802422573e-06,
            8.850662616875838e-06,
            8.040479432821713e-06,
            8.523458413247198e-06,
            8.136144805135359e-06,
            8.256267341785416e-06,
            9.056745790971376e-06,
            7.85165457917003e-06,
            8.14897529637193e-06,
            8.128994676606992e-06,
            1.0081162775705365e-05,
            7.4168562031076136e-06,
            8.089330844079256e-06,
            8.07845744200364e-06,
            8.066945272343417e-06,
            1.2827768431991514e-05,
            7.0813142325079075e-06
        ],
        "val_loss": [
            1.9573199097067118e-05,
            3.31305964209605e-05,
            1.3362889148993418e-05,
            1.2960118510818575e-05,
            1.2011136277578771e-05,
            1.3350011613511015e-05,
            2.8782771551050246e-05,
            5.669397069141269e-05,
            1.2875691936642397e-05,
            1.4555224879586603e-05,
            1.667457945586648e-05,
            1.2229851563461125e-05,
            1.2763058293785434e-05,
            9.932952707458753e-06,
            3.297872535767965e-05,
            9.24888900044607e-06,
            9.2810687419842e-06,
            1.5546162103419192e-05,
            1.4256155736802612e-05,
            1.1077491762989666e-05,
            9.788844181457534e-06,
            9.070339729078114e-06,
            8.81121650309069e-06,
            9.465251423534937e-06,
            9.101479918172117e-06,
            9.22547587833833e-06,
            9.141635018750094e-06,
            8.360575520782731e-06,
            9.204444722854532e-06,
            8.296193300338928e-06,
            8.705959771759808e-06,
            8.262835763162002e-06,
            7.645014193258248e-06,
            8.223033546528313e-06,
            8.275027539639268e-06,
            9.161062735074665e-06,
            8.942724889493547e-06,
            8.321409040945582e-06,
            7.5120528890693095e-06,
            8.10871733847307e-06,
            7.888139407441486e-06,
            8.188947504095268e-06,
            8.268946658063214e-06,
            7.457705578417517e-06,
            7.856554475438315e-06,
            7.642956916242838e-06,
            8.827255442156456e-06,
            8.421515303780325e-06,
            8.562434231862426e-06,
            7.329988420679001e-06,
            7.675075721635949e-06,
            8.897927727957722e-06,
            8.003130460565444e-06,
            7.98848213889869e-06,
            7.337819624808617e-06,
            7.203508175734896e-06,
            8.859888112056069e-06,
            7.30624151401571e-06,
            7.932273547339719e-06,
            7.748015377728734e-06,
            7.4937843237421475e-06,
            7.949666724016424e-06,
            7.111957984307082e-06,
            7.723326234554406e-06,
            7.54633128963178e-06,
            7.5274379014445e-06,
            9.957762813428417e-06,
            7.490033112844685e-06,
            7.407152224914171e-06,
            7.532576546509517e-06,
            7.61764204071369e-06,
            7.119770089047961e-06,
            7.464951522706542e-06
        ],
        "lr": [
            0.0005,
            0.0005,
            0.0005,
            0.0005,
            0.0005,
            0.0005,
            0.0005,
            0.0005,
            0.0005,
            0.0005,
            0.0005,
            0.0005,
            0.0005,
            0.0005,
            0.0005,
            0.0005,
            0.0005,
            0.0005,
            0.0005,
            0.0005,
            0.0005,
            0.0005,
            0.0005,
            0.0005,
            0.0005,
            0.0005,
            0.0005,
            0.0005,
            0.0005,
            0.0005,
            0.0005,
            0.0005,
            0.0005,
            0.0005,
            0.0005,
            0.0005,
            0.0005,
            0.0005,
            0.0005,
            0.0005,
            0.0005,
            0.0005,
            0.0005,
            0.0005,
            0.0005,
            0.0005,
            0.0005,
            0.0005,
            0.0005,
            0.0005,
            0.0005,
            0.0005,
            0.0005,
            0.0005,
            0.0005,
            0.0005,
            0.0005,
            0.0005,
            0.0005,
            0.0005,
            0.0005,
            0.0005,
            0.0005,
            0.0005,
            0.0005,
            0.0005,
            0.0005,
            0.0005,
            0.0005,
            0.0005,
            0.0005,
            0.0005,
            0.0005
        ],
        "best_epoch": 63,
        "total_epochs": 73
    }
}