{
    "model_arch": {
        "input_dim": 5,
        "hidden_dim": 128,
        "output_dim": 2
    },
    "training_config": {
        "lr": 0.0005,
        "max_epochs": 50,
        "patience": 10,
        "hidden_dim": 128,
        "input_dim": 5,
        "optimizer": "Adam"
    },
    "training_history": {
        "train_loss": [
            0.0022096628767394578,
            0.0001236657248409756,
            7.2320902845604e-05,
            5.2864717176817066e-05,
            4.024089962740618e-05,
            3.167100548125745e-05,
            2.7341046586570882e-05,
            2.867469876036921e-05,
            3.20785074768537e-05,
            3.005774498433311e-05,
            2.8607491233287875e-05,
            2.7230352068272622e-05,
            2.559221421051916e-05,
            2.1462565457568416e-05,
            2.0869534903340537e-05,
            2.715107981998699e-05,
            1.7936216690941363e-05,
            2.3379508324978814e-05,
            2.299178291991666e-05,
            3.2375950190726144e-05,
            3.859403099340853e-05,
            1.4751272108242119e-05,
            1.8177703892661157e-05,
            2.2469230479487124e-05,
            3.3541782473776036e-05,
            4.094137342690374e-05,
            1.6348879895531355e-05
        ],
        "val_loss": [
            0.0003165023517794907,
            6.993342685746029e-05,
            5.348377817426808e-05,
            2.3890292141004466e-05,
            3.569341424736194e-05,
            4.1287141357315704e-05,
            6.502792530227453e-05,
            3.991746416431852e-05,
            1.9972525478806347e-05,
            1.5177771274466068e-05,
            1.8078022549161687e-05,
            2.7321546440362e-05,
            4.148200969211757e-05,
            5.870217501069419e-05,
            4.6003424358787015e-05,
            1.6786269043223e-05,
            8.991702088678721e-06,
            2.9867400371585973e-05,
            1.479454840591643e-05,
            3.311744876555167e-05,
            2.5246305085602216e-05,
            2.689275424927473e-05,
            1.0426787412143312e-05,
            1.3451634913508315e-05,
            4.970134614268318e-05,
            2.3363907530438155e-05,
            2.0569681510096416e-05
        ],
        "lr": [
            0.0005,
            0.0005,
            0.0005,
            0.0005,
            0.0005,
            0.0005,
            0.0005,
            0.0005,
            0.0005,
            0.0005,
            0.0005,
            0.0005,
            0.0005,
            0.0005,
            0.0005,
            0.0005,
            0.0005,
            0.0005,
            0.0005,
            0.0005,
            0.0005,
            0.0005,
            0.0005,
            0.0005,
            0.0005,
            0.0005,
            0.0005
        ],
        "best_epoch": 17,
        "total_epochs": 27
    }
}