{
    "model_arch": {
        "input_dim": 5,
        "hidden_dim": 128,
        "output_dim": 2
    },
    "training_config": {
        "lr": 0.0005,
        "max_epochs": 100,
        "patience": 10,
        "hidden_dim": 128,
        "input_dim": 5,
        "optimizer": "Adam"
    },
    "training_history": {
        "train_loss": [
            0.057113933542277666,
            0.04028134021908045,
            0.03195198297034949,
            0.02157153829059098,
            0.011272809203364886,
            0.00561443309270544,
            0.003861989920405904,
            0.003319822079138248,
            0.0029132789721188603,
            0.00262196026633319,
            0.0025729430736100766,
            0.002499239906537696,
            0.0023884209303651005,
            0.002257454092541593,
            0.0021667204572440825,
            0.0020916948810918256,
            0.0020735372674971584,
            0.0020058438739943086,
            0.0019729179151909194,
            0.001910590665138443,
            0.0019048285819008015,
            0.0018116741903213551,
            0.0018904527150152717,
            0.0016580623897971237,
            0.0017104418211602024,
            0.0015531229675616487,
            0.0015383012891470572,
            0.0014672728994264616,
            0.0013438299617700978,
            0.001287083509232616,
            0.001554177374455321,
            0.0011835921419333316,
            0.001464005396119319,
            0.0011157641414683895,
            0.0013982292758737457,
            0.001063644911373558,
            0.0013292709617962828,
            0.0010393339100846788,
            0.0012421085473397397,
            0.0010443688504165039,
            0.0010514714293458382,
            0.0011623142658208963,
            0.0009732633010935388,
            0.0012132709114302997,
            0.0009169655012738076
        ],
        "val_loss": [
            0.04549822956323624,
            0.04049450531601906,
            0.03868161514401436,
            0.018497519195079803,
            0.0059476085007190704,
            0.006198232993483543,
            0.006950740236788988,
            0.0031767217442393303,
            0.0024721468798816204,
            0.0021227733232080936,
            0.0020168882329016924,
            0.0018690397264435887,
            0.0017532940255478024,
            0.0016856954898685217,
            0.0016315800603479147,
            0.001635165186598897,
            0.0015424045268446207,
            0.001548119238577783,
            0.0015071009984239936,
            0.001497928285971284,
            0.00137642293702811,
            0.0013940122444182634,
            0.0012694892939180136,
            0.0012957173166796565,
            0.001196482335217297,
            0.0012889300705865026,
            0.0012508020736277103,
            0.0012695002369582653,
            0.00142835290171206,
            0.0016236241208389401,
            0.0012367985909804702,
            0.0015543298795819283,
            0.00117817847058177,
            0.0015025277389213443,
            0.0011726069496944547,
            0.0015114872949197888,
            0.0012190266279503703,
            0.001538964337669313,
            0.0012878074776381254,
            0.0015607328386977315,
            0.0014092393685132265,
            0.0012679925421252847,
            0.001393777783960104,
            0.001188318827189505,
            0.0013434389838948846
        ],
        "lr": [
            0.0005,
            0.0005,
            0.0005,
            0.0005,
            0.0005,
            0.0005,
            0.0005,
            0.0005,
            0.0005,
            0.0005,
            0.0005,
            0.0005,
            0.0005,
            0.0005,
            0.0005,
            0.0005,
            0.0005,
            0.0005,
            0.0005,
            0.0005,
            0.0005,
            0.0005,
            0.0005,
            0.0005,
            0.0005,
            0.0005,
            0.0005,
            0.0005,
            0.0005,
            0.0005,
            0.0005,
            0.0005,
            0.0005,
            0.0005,
            0.0005,
            0.0005,
            0.0005,
            0.0005,
            0.0005,
            0.0005,
            0.0005,
            0.0005,
            0.0005,
            0.0005,
            0.0005
        ],
        "best_epoch": 35,
        "total_epochs": 45
    }
}