{
    "model_arch": {
        "input_dim": 5,
        "hidden_dim": 128,
        "output_dim": 2,
        "seed": 42
    },
    "training_config": {
        "lr": 0.0005,
        "max_epochs": 50,
        "patience": 10,
        "samples_train": 100,
        "optimizer": "Adam"
    },
    "training_history": {
        "train_loss": [
            0.0375902074181409,
            0.00020256665199168972,
            0.0001130918312621771,
            6.780879418980052e-05,
            4.9216771971236194e-05,
            3.8507882762010865e-05,
            3.509695647605935e-05,
            3.0152998623798832e-05,
            2.3752404149390182e-05,
            2.4820562249385138e-05,
            1.9852892671411507e-05,
            1.8447150304960076e-05,
            2.1424522577079662e-05,
            1.806088865464698e-05,
            2.2475044042375714e-05,
            2.011110967640024e-05,
            1.7049832454175622e-05,
            3.3678598223701626e-05,
            3.355093987244672e-05,
            2.7579469914732094e-05,
            3.5269565465403076e-05,
            2.8673263857103716e-05,
            6.24935039283567e-05,
            1.2552296596425706e-05,
            5.157840158840661e-05,
            4.0622084320448774e-05,
            2.3838313101421676e-05,
            4.711142653962982e-05,
            2.8202812059376345e-05,
            0.0001625736209724609,
            0.0001289019206908317,
            1.707054531195959e-05,
            1.1629052555667736e-05,
            1.1451153585475e-05,
            1.1481430255698539e-05,
            9.1426617420526e-05,
            7.569435554230985e-05,
            3.459469095857885e-05,
            1.321555492186937e-05,
            5.916261213975574e-05,
            8.851420097215693e-05,
            9.629494650059887e-05,
            0.00012459971424391526
        ],
        "val_loss": [
            0.00026490755966948983,
            0.00014439134168712129,
            9.512610307290577e-05,
            4.0978105501021764e-05,
            2.735078695835997e-05,
            3.825261162069654e-05,
            2.823502883330825e-05,
            2.0427658380133665e-05,
            1.6196953187136123e-05,
            2.2980821052576388e-05,
            1.591984299058877e-05,
            1.4370251001763565e-05,
            1.6257316979676496e-05,
            2.442249120780237e-05,
            2.008580836235147e-05,
            1.385902498229391e-05,
            1.2263653251719297e-05,
            1.40981480523136e-05,
            1.4245996765528785e-05,
            1.1271871229982978e-05,
            9.628071050433803e-06,
            1.1462400492947873e-05,
            1.8572306240793294e-05,
            1.0011850263352684e-05,
            8.94615047517893e-06,
            1.0870569146038357e-05,
            1.2901874368814303e-05,
            2.026676533089478e-05,
            7.681418651734534e-06,
            0.0006397245385974595,
            4.0733686130400635e-05,
            7.564932279191038e-06,
            7.493304324827527e-06,
            9.077324364775219e-06,
            7.981406750097293e-06,
            3.5802466929232184e-05,
            1.4627943589057713e-05,
            1.1926354072497281e-05,
            1.5525247146691667e-05,
            5.334709905291357e-05,
            0.00019834143089941038,
            7.370474964046286e-05,
            0.0003922342050703126
        ],
        "lr": [
            0.0005,
            0.0005,
            0.0005,
            0.0005,
            0.0005,
            0.0005,
            0.0005,
            0.0005,
            0.0005,
            0.0005,
            0.0005,
            0.0005,
            0.0005,
            0.0005,
            0.0005,
            0.0005,
            0.0005,
            0.0005,
            0.0005,
            0.0005,
            0.0005,
            0.0005,
            0.0005,
            0.0005,
            0.0005,
            0.0005,
            0.0005,
            0.0005,
            0.0005,
            0.0005,
            0.0005,
            0.0005,
            0.0005,
            0.0005,
            0.0005,
            0.0005,
            0.0005,
            0.0005,
            0.0005,
            0.0005,
            0.0005,
            0.0005,
            0.0005
        ],
        "best_epoch": 33,
        "total_epochs": 43
    }
}