{
    "model_arch": {
        "input_dim": 5,
        "hidden_dim": 128,
        "output_dim": 2,
        "seed": 42
    },
    "training_config": {
        "lr": 0.0005,
        "max_epochs": 100,
        "patience": 10,
        "samples_train": 1000,
        "optimizer": "Adam"
    },
    "training_history": {
        "train_loss": [
            0.004130296137186678,
            2.3454202151566594e-05,
            4.7127522426200984e-05,
            5.414912163196871e-05,
            0.0001248316740593031,
            0.00010215353358086432,
            9.326778112226938e-05,
            9.805798274862626e-05,
            7.22451818511161e-05,
            8.44019867315931e-05,
            4.849441455422088e-05,
            6.425294290374482e-05,
            5.5311077054482586e-05,
            5.160677925894821e-05,
            4.8171383592718635e-05,
            4.6169967307213615e-05,
            4.433822004624927e-05,
            3.1247640162454195e-05,
            4.243948057989225e-05,
            3.37638427169014e-05,
            3.343464493841476e-05,
            3.602815907320873e-05,
            2.618615586878131e-05,
            3.353637490366963e-05,
            2.9693761017343342e-05,
            2.294703980911261e-05,
            2.5156568150838046e-05,
            2.4873847209034363e-05,
            2.4642089766734833e-05,
            2.276898997958227e-05,
            1.860514361127185e-05,
            2.891915468600878e-05,
            1.65358150727321e-05,
            2.6187884362531514e-05,
            1.586098449867824e-05,
            1.993194897445954e-05,
            2.3719398870638434e-05,
            1.4682798384122127e-05,
            1.5216883361130942e-05,
            1.4726282054649645e-05,
            1.597603174344377e-05,
            1.4309590623510182e-05,
            1.2291306020323558e-05,
            1.501783592437754e-05,
            1.122355723191942e-05,
            1.3135111347113203e-05,
            1.189164803476478e-05,
            1.2720279497820701e-05,
            1.1319932492709996e-05,
            1.1929066634560961e-05,
            1.1068253202429141e-05,
            1.154999992855283e-05,
            1.1182875018318032e-05,
            1.0907818552463716e-05,
            1.1119444603191389e-05,
            1.0599794331933218e-05,
            1.0780235307444037e-05,
            1.0638760822095485e-05,
            1.0816351011469671e-05,
            1.0353213166627174e-05,
            1.0581157695389622e-05,
            1.0571057613617498e-05,
            1.0661779823060213e-05,
            1.0208135382267423e-05,
            1.0352597773001956e-05,
            1.0390153228287897e-05,
            1.0089331618322996e-05,
            1.014072662799271e-05,
            1.0087598589685845e-05,
            1.0003825794088656e-05,
            9.962885221607056e-06,
            9.95579811177105e-06,
            1.0102309146799976e-05
        ],
        "val_loss": [
            1.972646473588618e-05,
            0.00010645590946007017,
            3.485472430595832e-05,
            5.1533225851487404e-05,
            3.092773058367703e-05,
            5.911026646143666e-05,
            5.5858542555847274e-05,
            1.3375245916895788e-05,
            1.4672626199947254e-05,
            3.791299774276538e-05,
            4.915542592660851e-05,
            1.538625627902938e-05,
            6.582318128483729e-05,
            1.0521600607040029e-05,
            0.00010821450588734652,
            8.715884039383988e-05,
            0.0001530098108289298,
            1.4937298234566149e-05,
            1.1019036951562679e-05,
            1.1638405296576525e-05,
            1.052040201135696e-05,
            1.0058658928061838e-05,
            1.0422783747000187e-05,
            9.873627890317132e-06,
            9.635275869176668e-06,
            9.631792839845481e-06,
            9.592493095548782e-06,
            9.550823724475633e-06,
            9.547113124902643e-06,
            9.441595754435938e-06,
            9.590258150641424e-06,
            9.461437306223962e-06,
            9.930993317316566e-06,
            9.061505596580145e-06,
            9.083754923597762e-06,
            9.029290556486881e-06,
            9.252163950432143e-06,
            8.752338046913663e-06,
            9.349342416246068e-06,
            9.07315072302048e-06,
            8.897803423454953e-06,
            8.408677309218305e-06,
            8.813665533663069e-06,
            8.127853095645805e-06,
            9.289411001703537e-06,
            7.91214425651825e-06,
            7.985342626455523e-06,
            7.917547882678584e-06,
            8.918214350408886e-06,
            7.874860274644355e-06,
            7.842199342432207e-06,
            7.580489422042011e-06,
            8.211188009656718e-06,
            7.898864647699813e-06,
            7.561854462106812e-06,
            8.229056117570364e-06,
            7.713821152887373e-06,
            8.106957729127282e-06,
            7.532199640569305e-06,
            1.203857855761398e-05,
            7.4797653012517595e-06,
            7.820235761854356e-06,
            7.416636016465389e-06,
            9.76234772420453e-06,
            7.906729255362874e-06,
            7.648816110371076e-06,
            1.0632193597188584e-05,
            9.529149450007155e-06,
            8.163859062803212e-06,
            7.442122810901495e-06,
            9.784284462200075e-06,
            9.634690969621988e-06,
            9.507256630205861e-06
        ],
        "lr": [
            0.0005,
            0.0005,
            0.0005,
            0.0005,
            0.0005,
            0.0005,
            0.0005,
            0.0005,
            0.0005,
            0.0005,
            0.0005,
            0.0005,
            0.0005,
            0.0005,
            0.0005,
            0.0005,
            0.0005,
            0.0005,
            0.0005,
            0.0005,
            0.0005,
            0.0005,
            0.0005,
            0.0005,
            0.0005,
            0.0005,
            0.0005,
            0.0005,
            0.0005,
            0.0005,
            0.0005,
            0.0005,
            0.0005,
            0.0005,
            0.0005,
            0.0005,
            0.0005,
            0.0005,
            0.0005,
            0.0005,
            0.0005,
            0.0005,
            0.0005,
            0.0005,
            0.0005,
            0.0005,
            0.0005,
            0.0005,
            0.0005,
            0.0005,
            0.0005,
            0.0005,
            0.0005,
            0.0005,
            0.0005,
            0.0005,
            0.0005,
            0.0005,
            0.0005,
            0.0005,
            0.0005,
            0.0005,
            0.0005,
            0.0005,
            0.0005,
            0.0005,
            0.0005,
            0.0005,
            0.0005,
            0.0005,
            0.0005,
            0.0005,
            0.0005
        ],
        "best_epoch": 63,
        "total_epochs": 73
    }
}